"Common IMEI/MEID","Common Serial Number","Common Model Name","Common Market Name","Common SKU","Common Supported Services","Common Latest OS Version","Common Installed SPL","Common Enrollment Profile","Common License Name/Type","Common Tags","Common Buyer Code","Common Wifi Mac Address","Common Upload Source","Common Last Uploaded By","Common Last Seen","Common Last Modified Date","KME Device Status","KME EMM Auto Enrollment","KME Order Number","KME Submitted","KME OS Version","KME Tags","KME Lock Status","KME Last Seen","KME Last Modified","KFM Firmware","KFM Security Patch","KFM Operation Status","KFM Client Status","KFM Error Code","KFM Auto Enrollment","KFM Campaign","KFM Gradual Campaign Rollout Start","KFM Update Status","KFM EMM Group","KFM Emm Status","KFM Sales Code","KFM CSC","KFM Order Number","KFM OS Version","KFM Tags","KFM Last Seen","KFM Last Modified","KAI Device Status","KAI Device Group","KAI Auto Enrollment","KAI Permissions","KAI Battery Health","KAI Battery Status","KAI Device Health","KAI Firmware Version","KAI OS Version","KAI Tags","KAI Last Seen","KAI Last Modified","KC Profile","KC Service End Date","KC Device Status","KC Knox Version","KC Custom ID","KC OS Version","KC Tags","KC Last Seen","KC Last Modified"
"350842061114949","R92X40KQJXW","SM-X218U","Galaxy Tab A9+ 5G","SM-X218UZAAVZW","All services","","","Knox Manage (Advanced)","Knox Suite - Essentials Plan Monthly VERIZON;Knox Suite Essentials Plan","","","9C:39:28:3A:28:BC","Reseller","Verizon Wireless","2024 Aug 30","2024 Aug 30","Enrolled (restricted)","On","P003101_2113036_18","2024 Jun 07","14","Drivers","UNLOCKED","2024 Aug 30","2024 Aug 30","","","","","","","","","","","","","","","","","","","","","","","","","","","","","","","","","Unassigned","","","","","","2024 Jun 07"
"350842061115680","R92X40KQM5V","SM-X218U","Galaxy Tab A9+ 5G","SM-X218UZAAVZW","All services","","","Knox Manage (Advanced)","Knox Suite - Essentials Plan Monthly VERIZON;Knox Suite Essentials Plan","","","9C:39:28:3A:29:50","Reseller","Verizon Wireless","2024 Aug 30","2024 Aug 30","Enrolled (restricted)","On","P003101_2113056_118","2024 Jun 07","14","Drivers","UNLOCKED","2024 Aug 30","2024 Aug 30","","","","","","","","","","","","","","","","","","","","","","","","","","","","","","","","","Unassigned","","","","","","2024 Jun 07"
"350842061120565","R92X40KR2YL","SM-X218U","Galaxy Tab A9+ 5G","SM-X218UZAAVZW","All services","","","Knox Manage (Advanced)","Knox Suite - Essentials Plan Monthly VERIZON;Knox Suite Essentials Plan","","","9C:39:28:3A:2D:20","Reseller","Verizon Wireless","2024 Sep 03","2024 Sep 03","Enrolled (restricted)","On","P003101_2113056_74","2024 Jun 07","14","Drivers","UNLOCKED","2024 Sep 03","2024 Sep 03","","","","","","","","","","","","","","","","","","","","","","","","","","","","","","","","","Unassigned","","","","","","2024 Jun 07"
"350842061124849","R92X40KRFXX","SM-X218U","Galaxy Tab A9+ 5G","SM-X218UZAAVZW","All services","","","Knox Manage (Advanced)","Knox Suite - Essentials Plan Monthly VERIZON;Knox Suite Essentials Plan","","","9C:39:28:3A:30:78","Reseller","Verizon Wireless","2024 Aug 30","2024 Aug 30","Enrolled (restricted)","On","P003101_2113036_82","2024 Jun 07","14","Drivers","UNLOCKED","2024 Aug 30","2024 Aug 30","","","","","","","","","","","","","","","","","","","","","","","","","","","","","","","","","Unassigned","","","","","","2024 Jun 07"
"350842061115805","R92X40KQMHB","SM-X218U","Galaxy Tab A9+ 5G","SM-X218UZAAVZW","All services","Android 14","","Knox Manage (Advanced)","Knox Suite - Essentials Plan Monthly VERIZON;Knox Suite Essentials Plan","","","9C:39:28:3A:29:68","Reseller","Verizon Wireless","2024 Oct 16","2024 Oct 16","Enrolled (restricted)","On","P003101_2113056_174","2024 Jun 07","14","Drivers","UNLOCKED","2024 Oct 16","2024 Oct 16","","","","","","","","","","","","","","","","","","","","","","","","","","","","","","","","","Unassigned","","","","","","2024 Jun 07"
"350842061125853","R92X40KRJZF","SM-X218U","Galaxy Tab A9+ 5G","SM-X218UZAAVZW","All services","","","Knox Manage (Advanced)","Knox Suite - Essentials Plan Monthly VERIZON;Knox Suite Essentials Plan","","","9C:39:28:3A:31:42","Reseller","Verizon Wireless","2024 Aug 30","2024 Aug 30","Enrolled (restricted)","On","P003101_2113036_194","2024 Jun 07","14","Drivers","UNLOCKED","2024 Aug 30","2024 Aug 30","","","","","","","","","","","","","","","","","","","","","","","","","","","","","","","","","Unassigned","","","","","","2024 Jun 07"
"356655901557182","R9ZL304XYHX","SM-X117U","Galaxy Tab A9","SM-X117UZAAVZW","All services","","","Knox Manage (Advanced)","","","","78:60:89:05:7D:C2","Reseller","Verizon Wireless","","2026 Jun 05","Profile assigned","On","VZW_1806301_4387028_10","2026 May 30","","","UNLOCKED","","2026 Jun 05","","","","","","","","","","","","","","","","","","","","","","","","","","","","","","","","","Unassigned","","","","","","2026 May 30"
"350842061109659","R92X40KQ2WY","SM-X218U","Galaxy Tab A9+ 5G","SM-X218UZAAVZW","All services","","","Knox Manage (Advanced)","Knox Suite - Essentials Plan Monthly VERIZON;Knox Suite Essentials Plan","","","9C:39:28:3A:24:9A","Reseller","Verizon Wireless","2024 Aug 30","2024 Aug 30","Enrolled (restricted)","On","P003101_2113056_122","2024 Jun 07","14","Drivers","UNLOCKED","2024 Aug 30","2024 Aug 30","","","","","","","","","","","","","","","","","","","","","","","","","","","","","","","","","Unassigned","","","","","","2024 Jun 07"
"350842061109451","R92X40KQ29L","SM-X218U","Galaxy Tab A9+ 5G","SM-X218UZAAVZW","All services","","","Knox Manage (Advanced)","Knox Suite - Essentials Plan Monthly VERIZON;Knox Suite Essentials Plan","","","9C:39:28:3A:24:72","Reseller","Verizon Wireless","2024 Aug 30","2024 Aug 30","Enrolled (restricted)","On","P003101_2113056_138","2024 Jun 07","14","Drivers","UNLOCKED","2024 Aug 30","2024 Aug 30","","","","","","","","","","","","","","","","","","","","","","","","","","","","","","","","","Unassigned","","","","","","2024 Jun 07"
"350842061139664","R92X40KYXDD","SM-X218U","Galaxy Tab A9+ 5G","SM-X218UZAAVZW","All services","","","Knox Manage (Advanced)","Knox Suite - Essentials Plan Monthly VERIZON;Knox Suite Essentials Plan","","","9C:39:28:3A:B8:6C","Reseller","Verizon Wireless","2025 Sep 01","2025 Sep 01","Enrolled (restricted)","On","P003101_2113056_18","2024 Jun 07","14","Drivers","UNLOCKED","2025 Sep 01","2025 Sep 01","","","","","","","","","","","","","","","","","","","","","","","","","","","","","","","","","Unassigned","","","","","","2024 Jun 07"
"350842061123031","R92X40KRAEZ","SM-X218U","Galaxy Tab A9+ 5G","SM-X218UZAAVZW","All services","","","Knox Manage (Advanced)","Knox Suite - Essentials Plan Monthly VERIZON;Knox Suite Essentials Plan","","","9C:39:28:3A:2F:0E","Reseller","Verizon Wireless","2024 Aug 30","2024 Aug 30","Enrolled (restricted)","On","P003101_2113056_102","2024 Jun 07","14","Drivers","UNLOCKED","2024 Aug 30","2024 Aug 30","","","","","","","","","","","","","","","","","","","","","","","","","","","","","","","","","Unassigned","","","","","","2024 Jun 07"
"350842061139284","R92X40KYW8W","SM-X218U","Galaxy Tab A9+ 5G","SM-X218UZAAVZW","All services","","","Knox Manage (Advanced)","Knox Suite - Essentials Plan Monthly VERIZON;Knox Suite Essentials Plan","","","9C:39:28:3A:B8:20","Reseller","Verizon Wireless","2024 Aug 22","2024 Aug 22","Enrolled (restricted)","On","P003101_2113056_54","2024 Jun 07","14","Drivers","UNLOCKED","2024 Aug 22","2024 Aug 22","","","","","","","","","","","","","","","","","","","","","","","","","","","","","","","","","Unassigned","","","","","","2024 Jun 07"
"356655901563446","R9ZL304YHGX","SM-X117U","Galaxy Tab A9","SM-X117UZAAVZW","All services","Android 16","2026-01-01","Knox Manage (Advanced)","Knox Suite - Essentials Plan Monthly VERIZON;Knox Suite Essentials Plan","","VZW","78:60:89:05:82:A6","Reseller","Verizon Wireless","2026 Jun 08","2026 Jun 08","Enrolled (restricted)","On","VZW_1806301_4387028_3","2026 May 30","16","","UNLOCKED","2026 Jun 08","2026 Jun 08","","","","","","","","","","","","","","","","","","","","","","","","","","","","","","","","","Unassigned","","","","","","2026 May 30"
"350842061114667","R92X40KQJ2N","SM-X218U","Galaxy Tab A9+ 5G","SM-X218UZAAVZW","All services","","2024-02-01","Knox Manage (Advanced)","Knox Suite - Essentials Plan Monthly VERIZON;Knox Suite Essentials Plan","","VZW","9C:39:28:3A:28:84","Reseller","Verizon Wireless","2026 Mar 25","2026 Mar 25","Enrolled (restricted)","On","P003101_2113036_90","2024 Jun 07","14","Drivers","UNLOCKED","2026 Mar 25","2026 Mar 25","","","","","","","","","","","","","","","","","","","","","","","","","","","","","","","","","Unassigned","","","","","","2024 Jun 07"
"350842061125895","R92X40KRK3Z","SM-X218U","Galaxy Tab A9+ 5G","SM-X218UZAAVZW","All services","","","Knox Manage (Advanced)","Knox Suite - Essentials Plan Monthly VERIZON;Knox Suite Essentials Plan","","","9C:39:28:3A:31:4A","Reseller","Verizon Wireless","2024 Jun 14","2024 Jun 14","Enrolled (restricted)","On","P003101_2113036_170","2024 Jun 07","14","Drivers","UNLOCKED","2024 Jun 14","2024 Jun 14","","","","","","","","","","","","","","","","","","","","","","","","","","","","","","","","","Unassigned","","","","","","2024 Jun 07"
"350842061123064","R92X40KRAHL","SM-X218U","Galaxy Tab A9+ 5G","SM-X218UZAAVZW","All services","","","Knox Manage (Advanced)","Knox Suite - Essentials Plan Monthly VERIZON;Knox Suite Essentials Plan","","","9C:39:28:3A:2F:14","Reseller","Verizon Wireless","2024 Aug 30","2024 Aug 30","Enrolled (restricted)","On","P003101_2113056_98","2024 Jun 07","14","Drivers","UNLOCKED","2024 Aug 30","2024 Aug 30","","","","","","","","","","","","","","","","","","","","","","","","","","","","","","","","","Unassigned","","","","","","2024 Jun 07"
"350842061122694","R92X40KR9DH","SM-X218U","Galaxy Tab A9+ 5G","SM-X218UZAAVZW","All services","","","Knox Manage (Advanced)","Knox Suite - Essentials Plan Monthly VERIZON;Knox Suite Essentials Plan","","","9C:39:28:3A:2E:CA","Reseller","Verizon Wireless","2025 Jan 28","2025 Jan 28","Enrolled (restricted)","On","P003101_2113056_42","2024 Jun 07","14","Drivers","UNLOCKED","2025 Jan 28","2025 Jan 28","","","","","","","","","","","","","","","","","","","","","","","","","","","","","","","","","Unassigned","","","","","","2024 Jun 07"
"350842061119526","R92X40KQZSJ","SM-X218U","Galaxy Tab A9+ 5G","SM-X218UZAAVZW","All services","","","Knox Manage (Advanced)","Knox Suite - Essentials Plan Monthly VERIZON;Knox Suite Essentials Plan","","","9C:39:28:3A:2C:50","Reseller","Verizon Wireless","2024 Aug 30","2024 Aug 30","Enrolled (restricted)","On","P003101_2113036_2","2024 Jun 07","14","Drivers","UNLOCKED","2024 Aug 30","2024 Aug 30","","","","","","","","","","","","","","","","","","","","","","","","","","","","","","","","","Unassigned","","","","","","2024 Jun 07"
"350842061125697","R92X40KRJGD","SM-X218U","Galaxy Tab A9+ 5G","SM-X218UZAAVZW","All services","","","Knox Manage (Advanced)","Knox Suite - Essentials Plan Monthly VERIZON;Knox Suite Essentials Plan","","","9C:39:28:3A:31:22","Reseller","Verizon Wireless","2024 Aug 30","2024 Aug 30","Enrolled (restricted)","On","P003101_2113036_162","2024 Jun 07","14","Drivers","UNLOCKED","2024 Aug 30","2024 Aug 30","","","","","","","","","","","","","","","","","","","","","","","","","","","","","","","","","Unassigned","","","","","","2024 Jun 07"
"350842061136868","R92X40KYMXL","SM-X218U","Galaxy Tab A9+ 5G","SM-X218UZAAVZW","All services","","","Knox Manage (Advanced)","Knox Suite - Essentials Plan Monthly VERIZON;Knox Suite Essentials Plan","","","9C:39:28:3A:B6:3C","Reseller","Verizon Wireless","2024 Nov 12","2024 Nov 12","Enrolled (restricted)","On","P003101_2113056_70","2024 Jun 07","14","Drivers","UNLOCKED","2024 Nov 12","2024 Nov 12","","","","","","","","","","","","","","","","","","","","","","","","","","","","","","","","","Unassigned","","","","","","2024 Jun 07"
"350842061125911","R92X40KRK5H","SM-X218U","Galaxy Tab A9+ 5G","SM-X218UZAAVZW","All services","","","Knox Manage (Advanced)","Knox Suite - Essentials Plan Monthly VERIZON;Knox Suite Essentials Plan","","","9C:39:28:3A:31:4E","Reseller","Verizon Wireless","2024 Aug 30","2024 Aug 30","Enrolled (restricted)","On","P003101_2113036_178","2024 Jun 07","14","Drivers","UNLOCKED","2024 Aug 30","2024 Aug 30","","","","","","","","","","","","","","","","","","","","","","","","","","","","","","","","","Unassigned","","","","","","2024 Jun 07"
"350842061114634","R92X40KQHZZ","SM-X218U","Galaxy Tab A9+ 5G","SM-X218UZAAVZW","All services","","","Knox Manage (Advanced)","Knox Suite - Essentials Plan Monthly VERIZON;Knox Suite Essentials Plan","","","9C:39:28:3A:28:7E","Reseller","Verizon Wireless","2024 Nov 12","2024 Nov 12","Enrolled (restricted)","On","P003101_2113056_186","2024 Jun 07","14","Drivers","UNLOCKED","2024 Nov 12","2024 Nov 12","","","","","","","","","","","","","","","","","","","","","","","","","","","","","","","","","Unassigned","","","","","","2024 Jun 07"
"356655901559105","R9ZL304Y4BR","SM-X117U","Galaxy Tab A9","SM-X117UZAAVZW","All services","Android 16","2026-01-01","Knox Manage (Advanced)","Knox Suite - Essentials Plan Monthly VERIZON;Knox Suite Essentials Plan","","VZW","78:60:89:05:7F:42","Reseller","Verizon Wireless","2026 Jun 16","2026 Jun 16","Enrolled (restricted)","On","VZW_1806301_4387028_19","2026 May 30","16","","UNLOCKED","2026 Jun 16","2026 Jun 16","","","","","","","","","","","","","","","","","","","","","","","","","","","","","","","","","Unassigned","","","","","","2026 May 30"
"350842061125937","R92X40KRK7Y","SM-X218U","Galaxy Tab A9+ 5G","SM-X218UZAAVZW","All services","","","Knox Manage (Advanced)","Knox Suite - Essentials Plan Monthly VERIZON;Knox Suite Essentials Plan","","","9C:39:28:3A:31:52","Reseller","Verizon Wireless","2024 Aug 30","2024 Aug 30","Enrolled (restricted)","On","P003101_2113056_78","2024 Jun 07","14","Drivers","UNLOCKED","2024 Aug 30","2024 Aug 30","","","","","","","","","","","","","","","","","","","","","","","","","","","","","","","","","Unassigned","","","","","","2024 Jun 07"
"350842061109188","R92X40KQ1FP","SM-X218U","Galaxy Tab A9+ 5G","SM-X218UZAAVZW","All services","","2024-02-01","Knox Manage (Advanced)","Knox Suite - Essentials Plan Monthly VERIZON;Knox Suite Essentials Plan","","VZW","9C:39:28:3A:24:3C","Reseller","Verizon Wireless","2026 Jul 24","2026 Aug 06","Enrolled (restricted)","On","P003101_2113056_126","2024 Jun 07","14","Drivers","UNLOCKED","2026 Jul 24","2026 Aug 06","","","","","","","","","","","","","","","","","","","","","","","","","","","","","","","","","Unassigned","","","","","","2024 Jun 07"
"359548575635672","R95Y6086N5H","SM-X218U","Galaxy Tab A9+ 5G","SM-X218UZAAXAU","All services","Android 16","2026-02-05","Knox Manage - Trial 25 T-Mobile Tablets","Knox Suite - Essentials Plan Monthly VERIZON;Knox Suite Essentials Plan","","","68:DF:E4:82:D7:5A","Reseller","T-Mobile","2025 Sep 23","2026 Mar 12","DO enrollment","On","","2025 Sep 05","16","T-Mobile","UNLOCKED","2025 Sep 23","2026 Mar 12","","","Approved","Not enrolled","[] ","OFF","","","Not started","","","","","","","","","2026 Mar 05","Client not enrolled","","Disabled","","-","-","","-","-","","","2025 Sep 05","","","Unassigned","","","","","","2025 Sep 05"
"350842061123395","R92X40KRBHZ","SM-X218U","Galaxy Tab A9+ 5G","SM-X218UZAAVZW","All services","","","Knox Manage (Advanced)","Knox Suite - Essentials Plan Monthly VERIZON;Knox Suite Essentials Plan","","","9C:39:28:3A:2F:56","Reseller","Verizon Wireless","2024 Aug 30","2024 Aug 30","Enrolled (restricted)","On","P003101_2113036_62","2024 Jun 07","14","Drivers","UNLOCKED","2024 Aug 30","2024 Aug 30","","","","","","","","","","","","","","","","","","","","","","","","","","","","","","","","","Unassigned","","","","","","2024 Jun 07"
"350842061123247","R92X40KRB2Y","SM-X218U","Galaxy Tab A9+ 5G","SM-X218UZAAVZW","All services","","","Knox Manage (Advanced)","Knox Suite - Essentials Plan Monthly VERIZON;Knox Suite Essentials Plan","","","9C:39:28:3A:2F:38","Reseller","Verizon Wireless","2024 Aug 30","2024 Aug 30","Enrolled (restricted)","On","P003101_2113036_46","2024 Jun 07","14","Drivers","UNLOCKED","2024 Aug 30","2024 Aug 30","","","","","","","","","","","","","","","","","","","","","","","","","","","","","","","","","Unassigned","","","","","","2024 Jun 07"
"350842061123593","R92X40KRC4L","SM-X218U","Galaxy Tab A9+ 5G","SM-X218UZAAVZW","All services","","","Knox Manage (Advanced)","Knox Suite - Essentials Plan Monthly VERIZON;Knox Suite Essentials Plan","","","9C:39:28:3A:2F:7E","Reseller","Verizon Wireless","2024 Jun 12","2024 Jun 12","Enrolled (restricted)","On","P003101_2113036_122","2024 Jun 07","14","Drivers","UNLOCKED","2024 Jun 12","2024 Jun 12","","","","","","","","","","","","","","","","","","","","","","","","","","","","","","","","","Unassigned","","","","","","2024 Jun 07"
"359548575698613","R95Y608GDSM","SM-X218U","Galaxy Tab A9+ 5G","SM-X218UZAAXAU","All services","Android 16","2026-02-05","Knox Manage - Trial 25 T-Mobile Tablets","Knox Suite - Essentials Plan Monthly VERIZON;Knox Suite Essentials Plan","","","68:DF:E4:8C:84:04","Reseller","T-Mobile","2025 Sep 17","2026 Apr 03","DO enrollment","On","","2025 Sep 05","16","T-Mobile","UNLOCKED","2025 Sep 17","2026 Apr 03","","","Approved","Not enrolled","[] ","OFF","","","Not started","","","","","","","","","2026 Mar 05","Client not enrolled","","Disabled","","-","-","","-","-","","","2025 Sep 05","","","Unassigned","","","","","","2025 Sep 05"
"350842061123403","R92X40KRBJX","SM-X218U","Galaxy Tab A9+ 5G","SM-X218UZAAVZW","All services","","","Knox Manage (Advanced)","Knox Suite - Essentials Plan Monthly VERIZON;Knox Suite Essentials Plan","","","9C:39:28:3A:2F:58","Reseller","Verizon Wireless","2024 Aug 30","2024 Aug 30","Enrolled (restricted)","On","P003101_2113036_98","2024 Jun 07","14","Drivers","UNLOCKED","2024 Aug 30","2024 Aug 30","","","","","","","","","","","","","","","","","","","","","","","","","","","","","","","","","Unassigned","","","","","","2024 Jun 07"
"350842061125929","R92X40KRK6L","SM-X218U","Galaxy Tab A9+ 5G","SM-X218UZAAVZW","All services","","","Knox Manage (Advanced)","Knox Suite - Essentials Plan Monthly VERIZON;Knox Suite Essentials Plan","","","9C:39:28:3A:31:50","Reseller","Verizon Wireless","2024 Aug 30","2024 Aug 30","Enrolled (restricted)","On","P003101_2113036_190","2024 Jun 07","14","Drivers","UNLOCKED","2024 Aug 30","2024 Aug 30","","","","","","","","","","","","","","","","","","","","","","","","","","","","","","","","","Unassigned","","","","","","2024 Jun 07"
"350842061122835","R92X40KR9TD","SM-X218U","Galaxy Tab A9+ 5G","SM-X218UZAAVZW","All services","","","Knox Manage (Advanced)","Knox Suite - Essentials Plan Monthly VERIZON;Knox Suite Essentials Plan","","","9C:39:28:3A:2E:E6","Reseller","Verizon Wireless","2024 Aug 30","2024 Aug 30","Enrolled (restricted)","On","P003101_2113056_142","2024 Jun 07","14","Drivers","UNLOCKED","2024 Aug 30","2024 Aug 30","","","","","","","","","","","","","","","","","","","","","","","","","","","","","","","","","Unassigned","","","","","","2024 Jun 07"
"356655901558941","R9ZL304Y3VF","SM-X117U","Galaxy Tab A9","SM-X117UZAAVZW","All services","Android 16","2026-01-01","Knox Manage (Advanced)","Knox Suite - Essentials Plan Monthly VERIZON;Knox Suite Essentials Plan","","VZW","78:60:89:05:7F:22","Reseller","Verizon Wireless","2026 Jun 09","2026 Jun 09","Enrolled (restricted)","On","VZW_1806301_4387028_11","2026 May 30","16","","UNLOCKED","2026 Jun 09","2026 Jun 09","","","","","","","","","","","","","","","","","","","","","","","","","","","","","","","","","Unassigned","","","","","","2026 May 30"
"350842061122926","R92X40KRA3A","SM-X218U","Galaxy Tab A9+ 5G","SM-X218UZAAVZW","All services","","","Knox Manage (Advanced)","Knox Suite - Essentials Plan Monthly VERIZON;Knox Suite Essentials Plan","","","9C:39:28:3A:2E:F8","Reseller","Verizon Wireless","2024 Aug 23","2024 Aug 23","Enrolled (restricted)","On","P003101_2113056_202","2024 Jun 07","14","Drivers","UNLOCKED","2024 Aug 23","2024 Aug 23","","","","","","","","","","","","","","","","","","","","","","","","","","","","","","","","","Unassigned","","","","","","2024 Jun 07"
"350842061125630","R92X40KRJAM","SM-X218U","Galaxy Tab A9+ 5G","SM-X218UZAAVZW","All services","","","Knox Manage (Advanced)","Knox Suite - Essentials Plan Monthly VERIZON;Knox Suite Essentials Plan","","","9C:39:28:3A:31:16","Reseller","Verizon Wireless","2025 Nov 12","2025 Nov 12","Enrolled (restricted)","On","P003101_2113036_174","2024 Jun 07","14","Drivers","UNLOCKED","2025 Nov 12","2025 Nov 12","","","","","","","","","","","","","","","","","","","","","","","","","","","","","","","","","Unassigned","","","","","","2024 Jun 07"
"359548575723718","R95Y608JPVD","SM-X218U","Galaxy Tab A9+ 5G","SM-X218UZAAXAU","All services","Android 16","2026-02-05","Knox Manage - Trial 25 T-Mobile Tablets","Knox Suite - Essentials Plan Monthly VERIZON;Knox Suite Essentials Plan","","","68:DF:E4:8C:97:A0","Reseller","T-Mobile","2025 Sep 23","2026 Mar 17","DO enrollment","On","","2025 Sep 05","16","T-Mobile","UNLOCKED","2025 Sep 23","2026 Mar 17","","","Approved","Not enrolled","[] ","OFF","","","Not started","","","","","","","","","2026 Mar 05","Client not enrolled","","Disabled","","-","-","","-","-","","","2025 Sep 05","","","Unassigned","","","","","","2025 Sep 05"
"350842061123429","R92X40KRBLL","SM-X218U","Galaxy Tab A9+ 5G","SM-X218UZAAVZW","All services","Android 14","","Knox Manage (Advanced)","Knox Suite - Essentials Plan Monthly VERIZON;Knox Suite Essentials Plan","","","9C:39:28:3A:2F:5C","Reseller","Verizon Wireless","2024 Oct 17","2024 Oct 17","Enrolled (restricted)","On","P003101_2113036_102","2024 Jun 07","14","Drivers","UNLOCKED","2024 Oct 17","2024 Oct 17","","","","","","","","","","","","","","","","","","","","","","","","","","","","","","","","","Unassigned","","","","","","2024 Jun 07"
"350842061123379","R92X40KRBFR","SM-X218U","Galaxy Tab A9+ 5G","SM-X218UZAAVZW","All services","","","Knox Manage (Advanced)","Knox Suite - Essentials Plan Monthly VERIZON;Knox Suite Essentials Plan","","","9C:39:28:3A:2F:52","Reseller","Verizon Wireless","2024 Aug 30","2024 Aug 30","Enrolled (restricted)","On","P003101_2113036_86","2024 Jun 07","14","Drivers","UNLOCKED","2024 Aug 30","2024 Aug 30","","","","","","","","","","","","","","","","","","","","","","","","","","","","","","","","","Unassigned","","","","","","2024 Jun 07"
"350842061119617","R92X40KR02V","SM-X218U","Galaxy Tab A9+ 5G","SM-X218UZAAVZW","All services","","","Knox Manage (Advanced)","Knox Suite - Essentials Plan Monthly VERIZON;Knox Suite Essentials Plan","","","9C:39:28:3A:2C:62","Reseller","Verizon Wireless","2024 Aug 30","2024 Aug 30","Enrolled (restricted)","On","P003101_2113056_154","2024 Jun 07","14","Drivers","UNLOCKED","2024 Aug 30","2024 Aug 30","","","","","","","","","","","","","","","","","","","","","","","","","","","","","","","","","Unassigned","","","","","","2024 Jun 07"
"350842061136827","R92X40KYMSV","SM-X218U","Galaxy Tab A9+ 5G","SM-X218UZAAVZW","All services","","","Knox Manage (Advanced)","Knox Suite - Essentials Plan Monthly VERIZON;Knox Suite Essentials Plan","","","9C:39:28:3A:B6:34","Reseller","Verizon Wireless","2024 Aug 30","2024 Aug 30","Enrolled (restricted)","On","P003101_2113056_22","2024 Jun 07","14","Drivers","UNLOCKED","2024 Aug 30","2024 Aug 30","","","","","","","","","","","","","","","","","","","","","","","","","","","","","","","","","Unassigned","","","","","","2024 Jun 07"
"359548575713776","R95Y608HSQX","SM-X218U","Galaxy Tab A9+ 5G","SM-X218UZAAXAU","All services","Android 16","2026-06-05","Knox Manage - Trial 25 T-Mobile Tablets","Knox Suite - Essentials Plan Monthly VERIZON;Knox Suite Essentials Plan","","","68:DF:E4:8C:8F:DC","Reseller","T-Mobile","2025 Oct 07","2026 Jun 26","DO enrollment","On","","2025 Sep 05","16","T-Mobile","UNLOCKED","2025 Oct 07","2026 Jun 26","","","Approved","Not enrolled","[] ","OFF","","","Not started","","","","","","","","","2026 Mar 05","Client not enrolled","","Disabled","","-","-","","-","-","","","2025 Sep 05","","","Unassigned","","","","","","2025 Sep 05"
"359548575698928","R95Y608GEQP","SM-X218U","Galaxy Tab A9+ 5G","SM-X218UZAAXAU","All services","Android 16","2026-06-05","Knox Manage - Trial 25 T-Mobile Tablets","Knox Suite - Essentials Plan Monthly VERIZON;Knox Suite Essentials Plan|KnoxSuiteTrial1758123134707364141924;Knox Suite Enterprise Plan","","","68:DF:E4:8C:84:42","Reseller","T-Mobile","2025 Sep 17","2026 Jun 27","DO enrollment","On","","2025 Sep 05","16","T-Mobile","UNLOCKED","2025 Sep 17","2026 Jun 27","","","Approved","Not enrolled","[] ","OFF","","","Not started","","","","","","","","","2026 Mar 05","Client not enrolled","","Disabled","","-","-","","-","-","","","2025 Sep 05","","","Unassigned","","","","","","2025 Sep 05"
"350842061123221","R92X40KRB0H","SM-X218U","Galaxy Tab A9+ 5G","SM-X218UZAAVZW","All services","","","Knox Manage (Advanced)","Knox Suite - Essentials Plan Monthly VERIZON;Knox Suite Essentials Plan","","","9C:39:28:3A:2F:34","Reseller","Verizon Wireless","2024 Aug 30","2024 Aug 30","Enrolled (restricted)","On","P003101_2113056_106","2024 Jun 07","14","Drivers","UNLOCKED","2024 Aug 30","2024 Aug 30","","","","","","","","","","","","","","","","","","","","","","","","","","","","","","","","","Unassigned","","","","","","2024 Jun 07"
"350842061123445","R92X40KRBNN","SM-X218U","Galaxy Tab A9+ 5G","SM-X218UZAAVZW","All services","","","Knox Manage (Advanced)","Knox Suite - Essentials Plan Monthly VERIZON;Knox Suite Essentials Plan","","","9C:39:28:3A:2F:60","Reseller","Verizon Wireless","2024 Jun 12","2024 Jun 12","Enrolled (restricted)","On","P003101_2113036_118","2024 Jun 07","14","Drivers","UNLOCKED","2024 Jun 12","2024 Jun 12","","","","","","","","","","","","","","","","","","","","","","","","","","","","","","","","","Unassigned","","","","","","2024 Jun 07"
"359548575939231","R95Y6099PWJ","SM-X218U","Galaxy Tab A9+ 5G","SM-X218UZAAXAU","All services","Android 16","2026-06-05","Knox Manage - Trial 25 T-Mobile Tablets","Knox Suite - Essentials Plan Monthly VERIZON;Knox Suite Essentials Plan","","","68:DF:E4:9F:FB:78","Reseller","T-Mobile","2025 Sep 23","2026 Jul 22","DO enrollment","On","","2025 Sep 05","16","T-Mobile","UNLOCKED","2025 Sep 23","2026 Jul 22","","","Approved","Not enrolled","[] ","OFF","","","Not started","","","","","","","","","2026 Mar 05","Client not enrolled","","Disabled","","-","-","","-","-","","","2025 Sep 05","","","Unassigned","","","","","","2025 Sep 05"
"350842061124484","R92X40KRETX","SM-X218U","Galaxy Tab A9+ 5G","SM-X218UZAAVZW","All services","","","Knox Manage (Advanced)","Knox Suite - Essentials Plan Monthly VERIZON;Knox Suite Essentials Plan","","","9C:39:28:3A:30:30","Reseller","Verizon Wireless","2024 Aug 30","2024 Aug 30","Enrolled (restricted)","On","P003101_2113036_134","2024 Jun 07","14","Drivers","UNLOCKED","2024 Aug 30","2024 Aug 30","","","","","","","","","","","","","","","","","","","","","","","","","","","","","","","","","Unassigned","","","","","","2024 Jun 07"
"350842061195799","R92X51A9E4W","SM-X218U","Galaxy Tab A9+ 5G","SM-X218UZAAVZW","All services","","","Knox Manage (Advanced)","Knox Suite - Essentials Plan Monthly VERIZON;Knox Suite Essentials Plan","","","9C:39:28:42:9A:9A","Reseller","Verizon Wireless","2024 Jun 28","2024 Jun 28","Enrolled (restricted)","On","VZW_P003101_2120970_1","2024 Jun 08","14","Drivers","UNLOCKED","2024 Jun 28","2024 Jun 28","","","","","","","","","","","","","","","","","","","","","","","","","","","","","","","","","Unassigned","","","","","","2024 Jun 08"
"359548575895573","R95Y6095PKE","SM-X218U","Galaxy Tab A9+ 5G","SM-X218UZAAXAU","All services","Android 16","2026-06-05","Knox Manage - Trial 25 T-Mobile Tablets","Knox Suite - Essentials Plan Monthly VERIZON;Knox Suite Essentials Plan","","","68:DF:E4:9F:D9:5C","Reseller","T-Mobile","2025 Oct 30","2026 Jul 03","DO enrollment","On","","2025 Sep 05","16","T-Mobile","UNLOCKED","2025 Oct 30","2026 Jul 03","","","Approved","Not enrolled","[] ","OFF","","","Not started","","","","","","","","","2026 Mar 05","Client not enrolled","","Disabled","","-","-","","-","-","","","2025 Sep 05","","","Unassigned","","","","","","2025 Sep 05"
"350842061109204","R92X40KQ1HW","SM-X218U","Galaxy Tab A9+ 5G","SM-X218UZAAVZW","All services","","","Knox Manage (Advanced)","Knox Suite - Essentials Plan Monthly VERIZON;Knox Suite Essentials Plan","","","9C:39:28:3A:24:40","Reseller","Verizon Wireless","2024 Aug 30","2024 Aug 30","Enrolled (restricted)","On","P003101_2113056_130","2024 Jun 07","14","Drivers","UNLOCKED","2024 Aug 30","2024 Aug 30","","","","","","","","","","","","","","","","","","","","","","","","","","","","","","","","","Unassigned","","","","","","2024 Jun 07"
"350842061122959","R92X40KRA6B","SM-X218U","Galaxy Tab A9+ 5G","SM-X218UZAAVZW","All services","","","Knox Manage (Advanced)","Knox Suite - Essentials Plan Monthly VERIZON;Knox Suite Essentials Plan","","","9C:39:28:3A:2E:FE","Reseller","Verizon Wireless","2024 Aug 23","2024 Aug 23","Enrolled (restricted)","On","P003101_2113056_190","2024 Jun 07","14","Drivers","UNLOCKED","2024 Aug 23","2024 Aug 23","","","","","","","","","","","","","","","","","","","","","","","","","","","","","","","","","Unassigned","","","","","","2024 Jun 07"
"350842061115243","R92X40KQKTA","SM-X218U","Galaxy Tab A9+ 5G","SM-X218UZAAVZW","All services","","2024-02-01","Knox Manage (Advanced)","Knox Suite - Essentials Plan Monthly VERIZON;Knox Suite Essentials Plan","","VZW","9C:39:28:3A:28:F8","Reseller","Verizon Wireless","2026 May 18","2026 May 18","Enrolled (restricted)","On","P003101_2113056_2","2024 Jun 07","14","Drivers","UNLOCKED","2026 May 18","2026 May 18","","","","","","","","","","","","","","","","","","","","","","","","","","","","","","","","","Unassigned","","","","","","2024 Jun 07"
"359548575723635","R95Y608JPLY","SM-X218U","Galaxy Tab A9+ 5G","SM-X218UZAAXAU","All services","Android 16","2026-06-05","Knox Manage - Trial 25 T-Mobile Tablets","Knox Suite - Essentials Plan Monthly VERIZON;Knox Suite Essentials Plan","","","68:DF:E4:8C:97:90","Reseller","T-Mobile","2025 Sep 17","2026 Jun 27","DO enrollment","On","","2025 Sep 05","16","T-Mobile","UNLOCKED","2025 Sep 17","2026 Jun 27","","","Approved","Not enrolled","[] ","OFF","","","Not started","","","","","","","","","2026 Mar 05","Client not enrolled","","Disabled","","-","-","","-","-","","","2025 Sep 05","","","Unassigned","","","","","","2025 Sep 05"
"350842061122850","R92X40KR9WV","SM-X218U","Galaxy Tab A9+ 5G","SM-X218UZAAVZW","All services","","","Knox Manage (Advanced)","","","","9C:39:28:3A:2E:EA","Reseller","Verizon Wireless","","2026 Mar 25","Profile assigned","On","P003101_2113056_50","2026 Mar 25","","","UNLOCKED","","2026 Mar 25","","","","","","","","","","","","","","","","","","","","","","","","","","","","","","","","","Unassigned","","","","","","2024 Jun 07"
"350842061125903","R92X40KRK4X","SM-X218U","Galaxy Tab A9+ 5G","SM-X218UZAAVZW","All services","","","Knox Manage (Advanced)","Knox Suite - Essentials Plan Monthly VERIZON;Knox Suite Essentials Plan","","","9C:39:28:3A:31:4C","Reseller","Verizon Wireless","2024 Jun 28","2024 Jun 28","Enrolled (restricted)","On","P003101_2113036_158","2024 Jun 07","14","Drivers","UNLOCKED","2024 Jun 28","2024 Jun 28","","","","","","","","","","","","","","","","","","","","","","","","","","","","","","","","","Unassigned","","","","","","2024 Jun 07"
"359548575704692","R95Y608GZ7M","SM-X218U","Galaxy Tab A9+ 5G","SM-X218UZAAXAU","All services","Android 16","2026-06-05","Knox Manage - Trial 25 T-Mobile Tablets","Knox Suite - Essentials Plan Monthly VERIZON;Knox Suite Essentials Plan","","","68:DF:E4:8C:88:C4","Reseller","T-Mobile","2025 Oct 14","2026 Jun 26","DO enrollment","On","","2025 Sep 05","16","T-Mobile","UNLOCKED","2025 Oct 14","2026 Jun 26","","","Approved","Not enrolled","[] ","OFF","","","Not started","","","","","","","","","2026 Mar 05","Client not enrolled","","Disabled","","-","-","","-","-","","","2025 Sep 05","","","Unassigned","","","","","","2025 Sep 05"
"350842061114931","R92X40KQJWF","SM-X218U","Galaxy Tab A9+ 5G","SM-X218UZAAVZW","All services","","","Knox Manage (Advanced)","","","","9C:39:28:3A:28:BA","Reseller","Verizon Wireless","","2024 Jun 07","Profile assigned","On","P003101_2113036_106","2024 Jun 07","","Drivers","UNLOCKED","","2024 Jun 07","","","","","","","","","","","","","","","","","","","","","","","","","","","","","","","","","Unassigned","","","","","","2024 Jun 07"
"350842061124195","R92X40KRDYA","SM-X218U","Galaxy Tab A9+ 5G","SM-X218UZAAVZW","All services","","","Knox Manage (Advanced)","Knox Suite - Essentials Plan Monthly VERIZON;Knox Suite Essentials Plan","","","9C:39:28:3A:2F:F6","Reseller","Verizon Wireless","2025 Jul 20","2025 Jul 20","Enrolled (restricted)","On","P003101_2113056_146","2024 Jun 07","14","Drivers","UNLOCKED","2025 Jul 20","2025 Jul 20","","","","","","","","","","","","","","","","","","","","","","","","","","","","","","","","","Unassigned","","","","","","2024 Jun 07"
"350842061125564","R92X40KRJ3L","SM-X218U","Galaxy Tab A9+ 5G","SM-X218UZAAVZW","All services","","","Knox Manage (Advanced)","Knox Suite - Essentials Plan Monthly VERIZON;Knox Suite Essentials Plan","","","9C:39:28:3A:31:08","Reseller","Verizon Wireless","2024 Oct 29","2024 Oct 29","Enrolled (restricted)","On","P003101_2113036_126","2024 Jun 07","14","Drivers","UNLOCKED","2024 Oct 29","2024 Oct 29","","","","","","","","","","","","","","","","","","","","","","","","","","","","","","","","","Unassigned","","","","","","2024 Jun 07"
"350842061123940","R92X40KRD6H","SM-X218U","Galaxy Tab A9+ 5G","SM-X218UZAAVZW","All services","","","Knox Manage (Advanced)","Knox Suite - Essentials Plan Monthly VERIZON;Knox Suite Essentials Plan","","","9C:39:28:3A:2F:C4","Reseller","Verizon Wireless","2024 Aug 22","2024 Aug 22","Enrolled (restricted)","On","P003101_2113056_94","2024 Jun 07","14","Drivers","UNLOCKED","2024 Aug 22","2024 Aug 22","","","","","","","","","","","","","","","","","","","","","","","","","","","","","","","","","Unassigned","","","","","","2024 Jun 07"
"350842061123189","R92X40KRAWK","SM-X218U","Galaxy Tab A9+ 5G","SM-X218UZAAVZW","All services","Android 14","","Knox Manage (Advanced)","Knox Suite - Essentials Plan Monthly VERIZON;Knox Suite Essentials Plan","","","9C:39:28:3A:2F:2C","Reseller","Verizon Wireless","2024 Aug 30","2024 Aug 30","Enrolled (restricted)","On","P003101_2113056_114","2024 Jun 07","14","Drivers","UNLOCKED","2024 Aug 30","2024 Aug 30","","","","","","","","","","","","","","","","","","","","","","","","","","","","","","","","","Unassigned","","","","","","2024 Jun 07"
"350842061119534","R92X40KQZTT","SM-X218U","Galaxy Tab A9+ 5G","SM-X218UZAAVZW","All services","","","Knox Manage (Advanced)","Knox Suite - Essentials Plan Monthly VERIZON;Knox Suite Essentials Plan","","","9C:39:28:3A:2C:52","Reseller","Verizon Wireless","2024 Aug 23","2024 Aug 23","Enrolled (restricted)","On","P003101_2113036_74","2024 Jun 07","14","Drivers","UNLOCKED","2024 Aug 23","2024 Aug 23","","","","","","","","","","","","","","","","","","","","","","","","","","","","","","","","","Unassigned","","","","","","2024 Jun 07"
"350842061123841","R92X40KRCWE","SM-X218U","Galaxy Tab A9+ 5G","SM-X218UZAAVZW","All services","","","Knox Manage (Advanced)","","","","9C:39:28:3A:2F:B0","Reseller","Verizon Wireless","","2024 Jun 07","Profile assigned","On","P003101_2113056_90","2024 Jun 07","","Drivers","UNLOCKED","","2024 Jun 07","","","","","","","","","","","","","","","","","","","","","","","","","","","","","","","","","Unassigned","","","","","","2024 Jun 07"
"350842061123163","R92X40KRATF","SM-X218U","Galaxy Tab A9+ 5G","SM-X218UZAAVZW","All services","","","Knox Manage (Advanced)","Knox Suite - Essentials Plan Monthly VERIZON;Knox Suite Essentials Plan","","","9C:39:28:3A:2F:28","Reseller","Verizon Wireless","2024 Jun 14","2024 Jun 14","Enrolled (restricted)","On","P003101_2113056_158","2024 Jun 07","14","Drivers","UNLOCKED","2024 Jun 14","2024 Jun 14","","","","","","","","","","","","","","","","","","","","","","","","","","","","","","","","","Unassigned","","","","","","2024 Jun 07"
"350842061110467","R92X40KQ5BK","SM-X218U","Galaxy Tab A9+ 5G","SM-X218UZAAVZW","All services","","","Knox Manage (Advanced)","Knox Suite - Essentials Plan Monthly VERIZON;Knox Suite Essentials Plan","","","9C:39:28:3A:25:3C","Reseller","Verizon Wireless","2024 Aug 23","2024 Aug 23","Enrolled (restricted)","On","P003101_2113036_38","2024 Jun 07","14","Drivers","UNLOCKED","2024 Aug 23","2024 Aug 23","","","","","","","","","","","","","","","","","","","","","","","","","","","","","","","","","Unassigned","","","","","","2024 Jun 07"
"359548575723817","R95Y608JQ5K","SM-X218U","Galaxy Tab A9+ 5G","SM-X218UZAAXAU","All services","Android 16","2026-06-05","Knox Manage - Trial 25 T-Mobile Tablets","Knox Suite - Essentials Plan Monthly VERIZON;Knox Suite Essentials Plan","","","68:DF:E4:8C:97:B4","Reseller","T-Mobile","2025 Sep 17","2026 Sep 04","DO enrollment","On","","2025 Sep 05","16","T-Mobile","UNLOCKED","2025 Sep 17","2026 Sep 04","","","Approved","Not enrolled","[] ","OFF","","","Not started","","","","","","","","","2026 Mar 05","Client not enrolled","","Disabled","","-","-","","-","-","","","2025 Sep 05","","","Unassigned","","","","","","2025 Sep 05"
"356655901563107","R9ZL304YGFP","SM-X117U","Galaxy Tab A9","SM-X117UZAAVZW","All services","Android 16","2026-01-01","Knox Manage (Advanced)","Knox Suite - Essentials Plan Monthly VERIZON;Knox Suite Essentials Plan","","VZW","78:60:89:05:82:62","Reseller","Verizon Wireless","2026 Jun 09","2026 Jun 09","Enrolled (restricted)","On","VZW_1806301_4387028_1","2026 May 30","16","","UNLOCKED","2026 Jun 09","2026 Jun 09","","","","","","","","","","","","","","","","","","","","","","","","","","","","","","","","","Unassigned","","","","","","2026 May 30"
"359548575723825","R95Y608JQ6T","SM-X218U","Galaxy Tab A9+ 5G","SM-X218UZAAXAU","All services","Android 16","2026-06-05","Knox Manage - Trial 25 T-Mobile Tablets","Knox Suite - Essentials Plan Monthly VERIZON;Knox Suite Essentials Plan","","","68:DF:E4:8C:97:B6","Reseller","T-Mobile","2025 Oct 24","2026 Jun 28","DO enrollment","On","","2025 Sep 05","16","T-Mobile","UNLOCKED","2025 Oct 24","2026 Jun 28","","","Approved","Not enrolled","[] ","OFF","","","Not started","","","","","","","","","2026 Mar 05","Client not enrolled","","Disabled","","-","-","","-","-","","","2025 Sep 05","","","Unassigned","","","","","","2025 Sep 05"
"350842061123171","R92X40KRAVW","SM-X218U","Galaxy Tab A9+ 5G","SM-X218UZAAVZW","All services","","","Knox Manage (Advanced)","Knox Suite - Essentials Plan Monthly VERIZON;Knox Suite Essentials Plan","","","9C:39:28:3A:2F:2A","Reseller","Verizon Wireless","2024 Aug 23","2024 Aug 23","Enrolled (restricted)","On","P003101_2113056_194","2024 Jun 07","14","Drivers","UNLOCKED","2024 Aug 23","2024 Aug 23","","","","","","","","","","","","","","","","","","","","","","","","","","","","","","","","","Unassigned","","","","","","2024 Jun 07"
"359548575704361","R95Y608GY7N","SM-X218U","Galaxy Tab A9+ 5G","SM-X218UZAAXAU","All services","Android 15","","Knox Manage - Trial 25 T-Mobile Tablets","KnoxSuiteTrial1758123134707364141924;Knox Suite Enterprise Plan","","","68:DF:E4:8C:88:82","Reseller","T-Mobile","2025 Nov 06","2025 Nov 20","DO enrollment","On","","2025 Sep 05","15","T-Mobile","UNLOCKED","2025 Nov 06","2025 Nov 20","","","Approved","Not enrolled","[] ","OFF","","","Not started","","","","","","","","","2026 Mar 05","Client not enrolled","","Disabled","","-","-","","-","-","","","2025 Sep 05","","","Unassigned","","","","","","2025 Sep 05"
"350842061113735","R92X40KQF8X","SM-X218U","Galaxy Tab A9+ 5G","SM-X218UZAAVZW","All services","","","Knox Manage (Advanced)","Knox Suite - Essentials Plan Monthly VERIZON;Knox Suite Essentials Plan","","","9C:39:28:3A:27:CA","Reseller","Verizon Wireless","2024 Aug 30","2024 Aug 30","Enrolled (restricted)","On","P003101_2113056_150","2024 Jun 07","14","Drivers","UNLOCKED","2024 Aug 30","2024 Aug 30","","","","","","","","","","","","","","","","","","","","","","","","","","","","","","","","","Unassigned","","","","","","2024 Jun 07"
"350842061120052","R92X40KR1DT","SM-X218U","Galaxy Tab A9+ 5G","SM-X218UZAAVZW","All services","","","Knox Manage (Advanced)","Knox Suite - Essentials Plan Monthly VERIZON;Knox Suite Essentials Plan","","","9C:39:28:3A:2C:BA","Reseller","Verizon Wireless","2024 Dec 08","2024 Dec 08","Enrolled (restricted)","On","P003101_2113036_10","2024 Jun 07","14","Drivers","UNLOCKED","2024 Dec 08","2024 Dec 08","","","","","","","","","","","","","","","","","","","","","","","","","","","","","","","","","Unassigned","","","","","","2024 Jun 07"
"350842061122769","R92X40KR9LE","SM-X218U","Galaxy Tab A9+ 5G","SM-X218UZAAVZW","All services","","","Knox Manage (Advanced)","Knox Suite - Essentials Plan Monthly VERIZON;Knox Suite Essentials Plan","","","9C:39:28:3A:2E:D8","Reseller","Verizon Wireless","2024 Aug 23","2024 Aug 23","Enrolled (restricted)","On","P003101_2113056_34","2024 Jun 07","14","Drivers","UNLOCKED","2024 Aug 23","2024 Aug 23","","","","","","","","","","","","","","","","","","","","","","","","","","","","","","","","","Unassigned","","","","","","2024 Jun 07"
"359548575723767","R95Y608JQ0R","SM-X218U","Galaxy Tab A9+ 5G","SM-X218UZAAXAU","All services","Android 16","2026-06-05","Knox Manage - Trial 25 T-Mobile Tablets","Knox Suite - Essentials Plan Monthly VERIZON;Knox Suite Essentials Plan","","","68:DF:E4:8C:97:AA","Reseller","T-Mobile","2025 Oct 23","2026 Jun 28","DO enrollment","On","","2025 Sep 05","16","T-Mobile","UNLOCKED","2025 Oct 23","2026 Jun 28","","","Approved","Not enrolled","[] ","OFF","","","Not started","","","","","","","","","2026 Mar 05","Client not enrolled","","Disabled","","-","-","","-","-","","","2025 Sep 05","","","Unassigned","","","","","","2025 Sep 05"
"359548575580365","R95Y6081KJM","SM-X218U","Galaxy Tab A9+ 5G","SM-X218UZAAXAU","All services","Android 16","2026-06-05","Knox Manage - Trial 25 T-Mobile Tablets","Knox Suite - Essentials Plan Monthly VERIZON;Knox Suite Essentials Plan","","","68:DF:E4:82:AC:24","Reseller","T-Mobile","2025 Oct 06","2026 Aug 14","DO enrollment","On","","2025 Sep 05","16","T-Mobile","UNLOCKED","2025 Oct 06","2026 Aug 14","","","Approved","Not enrolled","[] ","OFF","","","Not started","","","","","","","","","2026 Mar 05","Client not enrolled","","Disabled","","-","-","","-","-","","","2025 Sep 05","","","Unassigned","","","","","","2025 Sep 05"
"350842061124666","R92X40KRFCH","SM-X218U","Galaxy Tab A9+ 5G","SM-X218UZAAVZW","All services","","","Knox Manage (Advanced)","Knox Suite - Essentials Plan Monthly VERIZON;Knox Suite Essentials Plan","","","9C:39:28:3A:30:54","Reseller","Verizon Wireless","2024 Aug 01","2024 Aug 01","Enrolled (restricted)","On","P003101_2113056_170","2024 Jun 07","14","Drivers","UNLOCKED","2024 Aug 01","2024 Aug 01","","","","","","","","","","","","","","","","","","","","","","","","","","","","","","","","","Unassigned","","","","","","2024 Jun 07"
"356655901561580","R9ZL304YBVW","SM-X117U","Galaxy Tab A9","SM-X117UZAAVZW","All services","Android 16","2026-01-01","Knox Manage (Advanced)","Knox Suite - Essentials Plan Monthly VERIZON;Knox Suite Essentials Plan","","VZW","78:60:89:05:81:32","Reseller","Verizon Wireless","2026 Jul 02","2026 Sep 03","Enrolled (restricted)","On","VZW_1806301_4387028_5","2026 May 30","16","","UNLOCKED","2026 Jul 02","2026 Sep 03","","","","","","","","","","","","","","","","","","","","","","","","","","","","","","","","","Unassigned","","","","","","2026 May 30"
"359548576027838","R95Y609HWDW","SM-X218U","Galaxy Tab A9+ 5G","SM-X218UZAAXAU","All services","Android 16","2026-06-05","Knox Manage (Advanced)","Knox Suite - Essentials Plan Monthly VERIZON;Knox Suite Essentials Plan","","TMB","68:DF:E4:A8:56:DC","Reseller","T-Mobile","2026 Jun 02","2026 Jun 28","Profile assigned","On","","2025 Sep 05","16","T-Mobile","UNLOCKED","2026 Jun 02","2026 Jun 28","","","Approved","Not enrolled","[] ","OFF","","","Not started","","","","","","","","","2026 Jun 05","Client not enrolled","","Disabled","","-","-","","-","-","","","2025 Sep 05","","","Unassigned","","","","","","2025 Sep 05"
"350842061119039","R92X40KQYAP","SM-X218U","Galaxy Tab A9+ 5G","SM-X218UZAAVZW","All services","","","Knox Manage (Advanced)","Knox Suite - Essentials Plan Monthly VERIZON;Knox Suite Essentials Plan","","","9C:39:28:3A:2B:EE","Reseller","Verizon Wireless","2024 Aug 30","2024 Aug 30","Enrolled (restricted)","On","P003101_2113036_78","2024 Jun 07","14","Drivers","UNLOCKED","2024 Aug 30","2024 Aug 30","","","","","","","","","","","","","","","","","","","","","","","","","","","","","","","","","Unassigned","","","","","","2024 Jun 07"
"356655901559659","R9ZL304Y60E","SM-X117U","Galaxy Tab A9","SM-X117UZAAVZW","All services","Android 16","2026-01-01","Knox Manage (Advanced)","Knox Suite - Essentials Plan Monthly VERIZON;Knox Suite Essentials Plan","","VZW","78:60:89:05:7F:B0","Reseller","Verizon Wireless","2026 Jun 05","2026 Jun 05","Enrolled (restricted)","On","VZW_1806301_4387028_15","2026 May 30","16","","UNLOCKED","2026 Jun 05","2026 Jun 05","","","","","","","","","","","","","","","","","","","","","","","","","","","","","","","","","Unassigned","","","","","","2026 May 30"
"350842061125671","R92X40KRJEW","SM-X218U","Galaxy Tab A9+ 5G","SM-X218UZAAVZW","All services","","","Knox Manage (Advanced)","Knox Suite - Essentials Plan Monthly VERIZON;Knox Suite Essentials Plan","","","9C:39:28:3A:31:1E","Reseller","Verizon Wireless","2024 Aug 30","2024 Aug 30","Enrolled (restricted)","On","P003101_2113036_166","2024 Jun 07","14","Drivers","UNLOCKED","2024 Aug 30","2024 Aug 30","","","","","","","","","","","","","","","","","","","","","","","","","","","","","","","","","Unassigned","","","","","","2024 Jun 07"
"356655901560947","R9ZL304Y9XX","SM-X117U","Galaxy Tab A9","SM-X117UZAAVZW","All services","Android 16","2026-01-01","Knox Manage (Advanced)","Knox Suite - Essentials Plan Monthly VERIZON;Knox Suite Essentials Plan","","VZW","78:60:89:05:80:B2","Reseller","Verizon Wireless","2026 Jul 01","2026 Sep 11","Enrolled (restricted)","On","VZW_1806301_4387028_8","2026 May 30","16","","UNLOCKED","2026 Jul 01","2026 Sep 11","","","","","","","","","","","","","","","","","","","","","","","","","","","","","","","","","Unassigned","","","","","","2026 May 30"
"359548575980748","R95Y609DJPB","SM-X218U","Galaxy Tab A9+ 5G","SM-X218UZAAXAU","All services","Android 16","2026-06-05","Knox Manage - Trial 25 T-Mobile Tablets","Knox Suite - Essentials Plan Monthly VERIZON;Knox Suite Essentials Plan","","TMB","68:DF:E4:A8:31:A6","Reseller","T-Mobile","2026 Jun 09","2026 Jul 10","DO enrollment","On","","2025 Sep 05","16","T-Mobile","UNLOCKED","2026 Jun 09","2026 Jul 10","","","Approved","Not enrolled","[] ","OFF","","","Not started","","","","","","","","","2026 Mar 05","Client not enrolled","","Disabled","","-","-","","-","-","","","2025 Sep 05","","","Unassigned","","","","","","2025 Sep 05"
"356655901559394","R9ZL304Y57T","SM-X117U","Galaxy Tab A9","SM-X117UZAAVZW","All services","Android 16","2026-01-01","Knox Manage (Advanced)","Knox Suite - Essentials Plan Monthly VERIZON;Knox Suite Essentials Plan","","VZW","78:60:89:05:7F:7C","Reseller","Verizon Wireless","2026 Jun 09","2026 Jun 09","Enrolled (restricted)","On","VZW_1806301_4387028_16","2026 May 30","16","","UNLOCKED","2026 Jun 09","2026 Jun 09","","","","","","","","","","","","","","","","","","","","","","","","","","","","","","","","","Unassigned","","","","","","2026 May 30"
"359548575711838","R95Y608HLVK","SM-X218U","Galaxy Tab A9+ 5G","SM-X218UZAAXAU","All services","Android 16","2026-01-01","Knox Manage - Trial 25 T-Mobile Tablets","Knox Suite - Essentials Plan Monthly VERIZON;Knox Suite Essentials Plan","","","68:DF:E4:8C:8E:58","Reseller","T-Mobile","2025 Sep 22","2026 Feb 16","DO enrollment","On","","2025 Sep 05","16","T-Mobile","UNLOCKED","2025 Sep 22","2026 Feb 16","","","Approved","Not enrolled","[] ","OFF","","","Not started","","","","","","","","","2026 Mar 05","Client not enrolled","","Disabled","","-","-","","-","-","","","2025 Sep 05","","","Unassigned","","","","","","2025 Sep 05"
"359548575723429","R95Y608JNZR","SM-X218U","Galaxy Tab A9+ 5G","SM-X218UZAAXAU","All services","Android 16","2026-06-05","Knox Manage - Trial 25 T-Mobile Tablets","Knox Suite - Essentials Plan Monthly VERIZON;Knox Suite Essentials Plan","","","68:DF:E4:8C:97:66","Reseller","T-Mobile","2025 Sep 23","2026 Jun 30","DO enrollment","On","","2025 Sep 05","16","T-Mobile","UNLOCKED","2025 Sep 23","2026 Jun 30","","","Approved","Not enrolled","[] ","OFF","","","Not started","","","","","","","","","2026 Mar 05","Client not enrolled","","Disabled","","-","-","","-","-","","","2025 Sep 05","","","Unassigned","","","","","","2025 Sep 05"
"356655901562364","R9ZL304YE7X","SM-X117U","Galaxy Tab A9","SM-X117UZAAVZW","All services","Android 16","2026-01-01","Knox Manage (Advanced)","Knox Suite - Essentials Plan Monthly VERIZON;Knox Suite Essentials Plan","","VZW","78:60:89:05:81:CE","Reseller","Verizon Wireless","2026 Jun 05","2026 Jun 05","Enrolled (restricted)","On","VZW_1806301_4387028_4","2026 May 30","16","","UNLOCKED","2026 Jun 05","2026 Jun 05","","","","","","","","","","","","","","","","","","","","","","","","","","","","","","","","","Unassigned","","","","","","2026 May 30"
"350842061125614","R92X40KRJ8A","SM-X218U","Galaxy Tab A9+ 5G","SM-X218UZAAVZW","All services","","","Knox Manage (Advanced)","Knox Suite - Essentials Plan Monthly VERIZON;Knox Suite Essentials Plan","","","9C:39:28:3A:31:12","Reseller","Verizon Wireless","2024 Aug 30","2024 Aug 30","Enrolled (restricted)","On","P003101_2113036_130","2024 Jun 07","14","Drivers","UNLOCKED","2024 Aug 30","2024 Aug 30","","","","","","","","","","","","","","","","","","","","","","","","","","","","","","","","","Unassigned","","","","","","2024 Jun 07"
"350842061115342","R92X40KQL4X","SM-X218U","Galaxy Tab A9+ 5G","SM-X218UZAAVZW","All services","","","Knox Manage (Advanced)","Knox Suite - Essentials Plan Monthly VERIZON;Knox Suite Essentials Plan","","","9C:39:28:3A:29:0C","Reseller","Verizon Wireless","2024 Aug 30","2024 Aug 30","Enrolled (restricted)","On","P003101_2113036_26","2024 Jun 07","14","Drivers","UNLOCKED","2024 Aug 30","2024 Aug 30","","","","","","","","","","","","","","","","","","","","","","","","","","","","","","","","","Unassigned","","","","","","2024 Jun 07"
"350842061129723","R92X40KY09T","SM-X218U","Galaxy Tab A9+ 5G","SM-X218UZAAVZW","All services","","","Knox Manage (Advanced)","Knox Suite - Essentials Plan Monthly VERIZON;Knox Suite Essentials Plan","","","9C:39:28:3A:B0:A8","Reseller","Verizon Wireless","2024 Aug 30","2024 Aug 30","Enrolled (restricted)","On","P003101_2113056_30","2024 Jun 07","14","Drivers","UNLOCKED","2024 Aug 30","2024 Aug 30","","","","","","","","","","","","","","","","","","","","","","","","","","","","","","","","","Unassigned","","","","","","2024 Jun 07"
"350842061123577","R92X40KRC2X","SM-X218U","Galaxy Tab A9+ 5G","SM-X218UZAAVZW","All services","","","","","","","9C:39:28:3A:2F:7A","Reseller","Verizon Wireless","","2024 Jun 07","","","","","","","","","","","","","","","","","","","","","","","","","","","","","","","","","","","","","","","","","","Unassigned","","","","","","2024 Jun 07"
"350842061129319","R92X40KXZ1X","SM-X218U","Galaxy Tab A9+ 5G","SM-X218UZAAVZW","All services","","","Knox Manage (Advanced)","Knox Suite - Essentials Plan Monthly VERIZON;Knox Suite Essentials Plan","","","9C:39:28:3A:B0:56","Reseller","Verizon Wireless","2024 Aug 22","2024 Aug 22","Enrolled (restricted)","On","P003101_2113056_62","2024 Jun 07","14","Drivers","UNLOCKED","2024 Aug 22","2024 Aug 22","","","","","","","","","","","","","","","","","","","","","","","","","","","","","","","","","Unassigned","","","","","","2024 Jun 07"
"359548575939249","R95Y6099PXR","SM-X218U","Galaxy Tab A9+ 5G","SM-X218UZAAXAU","All services","Android 16","2026-06-05","Knox Manage - Trial 25 T-Mobile Tablets","Knox Suite - Essentials Plan Monthly VERIZON;Knox Suite Essentials Plan|KnoxSuiteTrial1758123134707364141924;Knox Suite Enterprise Plan","","","68:DF:E4:9F:FB:7A","Reseller","T-Mobile","2025 Sep 17","2026 Jul 01","DO enrollment","On","","2025 Sep 05","16","T-Mobile","UNLOCKED","2025 Sep 17","2026 Jul 01","","","Approved","Not enrolled","[] ","OFF","","","Not started","","","","","","","","","2026 Mar 05","Client not enrolled","","Disabled","","-","-","","-","-","","","2025 Sep 05","","","Unassigned","","","","","","2025 Sep 05"
"350842061123270","R92X40KRB5T","SM-X218U","Galaxy Tab A9+ 5G","SM-X218UZAAVZW","All services","","","Knox Manage (Advanced)","Knox Suite - Essentials Plan Monthly VERIZON;Knox Suite Essentials Plan","","","9C:39:28:3A:2F:3E","Reseller","Verizon Wireless","2024 Aug 30","2024 Aug 30","Enrolled (restricted)","On","P003101_2113036_58","2024 Jun 07","14","Drivers","UNLOCKED","2024 Aug 30","2024 Aug 30","","","","","","","","","","","","","","","","","","","","","","","","","","","","","","","","","Unassigned","","","","","","2024 Jun 07"
"350842061115276","R92X40KQKXB","SM-X218U","Galaxy Tab A9+ 5G","SM-X218UZAAVZW","All services","","","Knox Manage (Advanced)","Knox Suite - Essentials Plan Monthly VERIZON;Knox Suite Essentials Plan","","","9C:39:28:3A:28:FE","Reseller","Verizon Wireless","2024 Aug 30","2024 Aug 30","Enrolled (restricted)","On","P003101_2113036_30","2024 Jun 07","14","Drivers","UNLOCKED","2024 Aug 30","2024 Aug 30","","","","","","","","","","","","","","","","","","","","","","","","","","","","","","","","","Unassigned","","","","","","2024 Jun 07"
"350842061196680","R92X51A9GTH","SM-X218U","Galaxy Tab A9+ 5G","SM-X218UZAAVZW","All services","","","Knox Manage (Advanced)","Knox Suite - Essentials Plan Monthly VERIZON;Knox Suite Essentials Plan","","","9C:39:28:42:9B:4C","Reseller","Verizon Wireless","2024 Jul 25","2024 Jul 25","Enrolled (restricted)","On","VZW_P003101_2120970_2","2024 Jun 08","14","Drivers","UNLOCKED","2024 Jul 25","2024 Jul 25","","","","","","","","","","","","","","","","","","","","","","","","","","","","","","","","","Unassigned","","","","","","2024 Jun 08"
"350842061118478","R92X40KQWLE","SM-X218U","Galaxy Tab A9+ 5G","SM-X218UZAAVZW","All services","","","Knox Manage (Advanced)","Knox Suite - Essentials Plan Monthly VERIZON;Knox Suite Essentials Plan","","","9C:39:28:3A:2B:7E","Reseller","Verizon Wireless","2024 Aug 29","2024 Aug 29","Enrolled (restricted)","On","P003101_2113036_14","2024 Jun 07","14","Drivers","UNLOCKED","2024 Aug 29","2024 Aug 29","","","","","","","","","","","","","","","","","","","","","","","","","","","","","","","","","Unassigned","","","","","","2024 Jun 07"
"350842061123155","R92X40KRASP","SM-X218U","Galaxy Tab A9+ 5G","SM-X218UZAAVZW","All services","","","Knox Manage (Advanced)","Knox Suite - Essentials Plan Monthly VERIZON;Knox Suite Essentials Plan","","","9C:39:28:3A:2F:26","Reseller","Verizon Wireless","2024 Aug 20","2024 Aug 20","Enrolled (restricted)","On","P003101_2113056_166","2024 Jun 07","14","Drivers","UNLOCKED","2024 Aug 20","2024 Aug 20","","","","","","","","","","","","","","","","","","","","","","","","","","","","","","","","","Unassigned","","","","","","2024 Jun 07"
"350842061122678","R92X40KR9BZ","SM-X218U","Galaxy Tab A9+ 5G","SM-X218UZAAVZW","All services","","","Knox Manage (Advanced)","Knox Suite - Essentials Plan Monthly VERIZON;Knox Suite Essentials Plan","","","9C:39:28:3A:2E:C6","Reseller","Verizon Wireless","2024 Jun 26","2024 Jun 26","Enrolled (restricted)","On","P003101_2113056_46","2024 Jun 07","14","Drivers","UNLOCKED","2024 Jun 26","2024 Jun 26","","","","","","","","","","","","","","","","","","","","","","","","","","","","","","","","","Unassigned","","","","","","2024 Jun 07"
"356655901560186","R9ZL304Y7LR","SM-X117U","Galaxy Tab A9","SM-X117UZAAVZW","All services","Android 16","2026-02-05","Knox Manage (Advanced)","Knox Suite - Essentials Plan Monthly VERIZON;Knox Suite Essentials Plan","","VZW","78:60:89:05:80:1A","Reseller","Verizon Wireless","2026 Jul 02","2026 Aug 29","Enrolled (restricted)","On","VZW_1806301_4387028_9","2026 May 30","16","","UNLOCKED","2026 Jul 02","2026 Aug 29","","","","","","","","","","","","","","","","","","","","","","","","","","","","","","","","","Unassigned","","","","","","2026 May 30"
"350842061120177","R92X40KR1RZ","SM-X218U","Galaxy Tab A9+ 5G","SM-X218UZAAVZW","All services","","","Knox Manage (Advanced)","Knox Suite - Essentials Plan Monthly VERIZON;Knox Suite Essentials Plan","","","9C:39:28:3A:2C:D2","Reseller","Verizon Wireless","2024 Aug 30","2024 Aug 30","Enrolled (restricted)","On","P003101_2113036_6","2024 Jun 07","14","Drivers","UNLOCKED","2024 Aug 30","2024 Aug 30","","","","","","","","","","","","","","","","","","","","","","","","","","","","","","","","","Unassigned","","","","","","2024 Jun 07"
"350842061137155","R92X40KYNSK","SM-X218U","Galaxy Tab A9+ 5G","SM-X218UZAAVZW","All services","","","Knox Manage (Advanced)","Knox Suite - Essentials Plan Monthly VERIZON;Knox Suite Essentials Plan","","","9C:39:28:3A:B6:76","Reseller","Verizon Wireless","2024 Jun 27","2024 Jun 27","Enrolled (restricted)","On","P003101_2113056_14","2024 Jun 07","14","Drivers","UNLOCKED","2024 Jun 27","2024 Jun 27","","","","","","","","","","","","","","","","","","","","","","","","","","","","","","","","","Unassigned","","","","","","2024 Jun 07"
"350842061125721","R92X40KRJKZ","SM-X218U","Galaxy Tab A9+ 5G","SM-X218UZAAVZW","All services","","","Knox Manage (Advanced)","Knox Suite - Essentials Plan Monthly VERIZON;Knox Suite Essentials Plan","","","9C:39:28:3A:31:28","Reseller","Verizon Wireless","2024 Aug 30","2024 Aug 30","Enrolled (restricted)","On","P003101_2113036_186","2024 Jun 07","14","Drivers","UNLOCKED","2024 Aug 30","2024 Aug 30","","","","","","","","","","","","","","","","","","","","","","","","","","","","","","","","","Unassigned","","","","","","2024 Jun 07"
"350842061118924","R92X40KQXZV","SM-X218U","Galaxy Tab A9+ 5G","SM-X218UZAAVZW","All services","","","Knox Manage (Advanced)","Knox Suite - Essentials Plan Monthly VERIZON;Knox Suite Essentials Plan","","","9C:39:28:3A:2B:D8","Reseller","Verizon Wireless","2024 Aug 23","2024 Aug 23","Enrolled (restricted)","On","P003101_2113036_70","2024 Jun 07","14","Drivers","UNLOCKED","2024 Aug 23","2024 Aug 23","","","","","","","","","","","","","","","","","","","","","","","","","","","","","","","","","Unassigned","","","","","","2024 Jun 07"
"350842061120912","R92X40KR40Y","SM-X218U","Galaxy Tab A9+ 5G","SM-X218UZAAVZW","All services","","","Knox Manage (Advanced)","Knox Suite - Essentials Plan Monthly VERIZON;Knox Suite Essentials Plan","","","9C:39:28:3A:2D:66","Reseller","Verizon Wireless","2024 Aug 30","2024 Aug 30","Enrolled (restricted)","On","P003101_2113036_54","2024 Jun 07","14","Drivers","UNLOCKED","2024 Aug 30","2024 Aug 30","","","","","","","","","","","","","","","","","","","","","","","","","","","","","","","","","Unassigned","","","","","","2024 Jun 07"
"356655901558925","R9ZL304Y3SH","SM-X117U","Galaxy Tab A9","SM-X117UZAAVZW","All services","Android 16","2026-01-01","Knox Manage (Advanced)","Knox Suite - Essentials Plan Monthly VERIZON;Knox Suite Essentials Plan","","VZW","78:60:89:05:7F:1E","Reseller","Verizon Wireless","2026 Jul 03","2026 Sep 04","Enrolled (restricted)","On","VZW_1806301_4387029_1","2026 May 30","16","","UNLOCKED","2026 Jul 03","2026 Sep 04","","","","","","","","","","","","","","","","","","","","","","","","","","","","","","","","","Unassigned","","","","","","2026 May 30"
"350842061122470","R92X40KR8QD","SM-X218U","Galaxy Tab A9+ 5G","SM-X218UZAAVZW","All services","","","Knox Manage (Advanced)","Knox Suite - Essentials Plan Monthly VERIZON;Knox Suite Essentials Plan","","","9C:39:28:3A:2E:9E","Reseller","Verizon Wireless","2025 Apr 29","2025 Apr 29","Enrolled (restricted)","On","P003101_2113036_142","2024 Jun 07","14","Drivers","UNLOCKED","2025 Apr 29","2025 Apr 29","","","","","","","","","","","","","","","","","","","","","","","","","","","","","","","","","Unassigned","","","","","","2024 Jun 07"
"356655901559014","R9ZL304Y42K","SM-X117U","Galaxy Tab A9","SM-X117UZAAVZW","All services","Android 16","2026-02-05","Knox Manage (Advanced)","Knox Suite - Essentials Plan Monthly VERIZON;Knox Suite Essentials Plan","","VZW","78:60:89:05:7F:30","Reseller","Verizon Wireless","2026 Jun 08","2026 Jun 08","Enrolled (restricted)","On","VZW_1806301_4387028_2","2026 May 30","16","","UNLOCKED","2026 Jun 08","2026 Jun 08","","","","","","","","","","","","","","","","","","","","","","","","","","","","","","","","","Unassigned","","","","","","2026 May 30"
"350842061124856","R92X40KRFYH","SM-X218U","Galaxy Tab A9+ 5G","SM-X218UZAAVZW","All services","","","Knox Manage (Advanced)","Knox Suite - Essentials Plan Monthly VERIZON;Knox Suite Essentials Plan","","","9C:39:28:3A:30:7A","Reseller","Verizon Wireless","2024 Aug 22","2024 Aug 22","Enrolled (restricted)","On","P003101_2113036_150","2024 Jun 07","14","Drivers","UNLOCKED","2024 Aug 22","2024 Aug 22","","","","","","","","","","","","","","","","","","","","","","","","","","","","","","","","","Unassigned","","","","","","2024 Jun 07"
"359548575698480","R95Y608GDDZ","SM-X218U","Galaxy Tab A9+ 5G","SM-X218UZAAXAU","All services","Android 16","2026-02-05","Knox Manage - Trial 25 T-Mobile Tablets","Knox Suite - Essentials Plan Monthly VERIZON;Knox Suite Essentials Plan","","","68:DF:E4:8C:83:EA","Reseller","T-Mobile","2025 Oct 29","2026 Mar 31","DO enrollment","On","","2025 Sep 05","16","T-Mobile","UNLOCKED","2025 Oct 29","2026 Mar 31","","","Approved","Not enrolled","[] ","OFF","","","Not started","","","","","","","","","2026 Mar 05","Client not enrolled","","Disabled","","-","-","","-","-","","","2025 Sep 05","","","Unassigned","","","","","","2025 Sep 05"
"356655901559147","R9ZL304Y4FX","SM-X117U","Galaxy Tab A9","SM-X117UZAAVZW","All services","Android 16","2026-01-01","Knox Manage (Advanced)","Knox Suite - Essentials Plan Monthly VERIZON;Knox Suite Essentials Plan","","VZW","78:60:89:05:7F:4A","Reseller","Verizon Wireless","2026 Jun 16","2026 Jun 16","Enrolled (restricted)","On","VZW_1806301_4387028_18","2026 May 30","16","","UNLOCKED","2026 Jun 16","2026 Jun 16","","","","","","","","","","","","","","","","","","","","","","","","","","","","","","","","","Unassigned","","","","","","2026 May 30"
"350842061123254","R92X40KRB3N","SM-X218U","Galaxy Tab A9+ 5G","SM-X218UZAAVZW","All services","","","Knox Manage (Advanced)","Knox Suite - Essentials Plan Monthly VERIZON;Knox Suite Essentials Plan","","","9C:39:28:3A:2F:3A","Reseller","Verizon Wireless","2024 Aug 23","2024 Aug 23","Enrolled (restricted)","On","P003101_2113036_42","2024 Jun 07","14","Drivers","UNLOCKED","2024 Aug 23","2024 Aug 23","","","","","","","","","","","","","","","","","","","","","","","","","","","","","","","","","Unassigned","","","","","","2024 Jun 07"
"359548575723338","R95Y608JNPF","SM-X218U","Galaxy Tab A9+ 5G","SM-X218UZAAXAU","All services","Android 16","2026-06-05","Knox Manage - Trial 25 T-Mobile Tablets","Knox Suite - Essentials Plan Monthly VERIZON;Knox Suite Essentials Plan|KnoxSuiteTrial1758123134707364141924;Knox Suite Enterprise Plan","","","68:DF:E4:8C:97:54","Reseller","T-Mobile","2025 Sep 17","2026 Jul 01","DO enrollment","On","","2025 Sep 05","16","T-Mobile","UNLOCKED","2025 Sep 17","2026 Jul 01","","","Approved","Not enrolled","[] ","OFF","","","Not started","","","","","","","","","2026 Mar 05","Client not enrolled","","Disabled","","-","-","","-","-","","","2025 Sep 05","","","Unassigned","","","","","","2025 Sep 05"
"350842061113933","R92X40KQFVH","SM-X218U","Galaxy Tab A9+ 5G","SM-X218UZAAVZW","All services","","","Knox Manage (Advanced)","Knox Suite - Essentials Plan Monthly VERIZON;Knox Suite Essentials Plan","","","9C:39:28:3A:27:F2","Reseller","Verizon Wireless","2024 Jun 26","2024 Jun 26","Enrolled (restricted)","On","P003101_2113056_178","2024 Jun 07","14","Drivers","UNLOCKED","2024 Jun 26","2024 Jun 26","","","","","","","","","","","","","","","","","","","","","","","","","","","","","","","","","Unassigned","","","","","","2024 Jun 07"
"350842061121944","R92X40KR74V","SM-X218U","Galaxy Tab A9+ 5G","SM-X218UZAAVZW","All services","","","Knox Manage (Advanced)","Knox Suite - Essentials Plan Monthly VERIZON;Knox Suite Essentials Plan","","","9C:39:28:3A:2E:34","Reseller","Verizon Wireless","2024 Nov 17","2024 Nov 17","Enrolled (restricted)","On","P003101_2113056_82","2024 Jun 07","14","Drivers","UNLOCKED","2024 Nov 17","2024 Nov 17","","","","","","","","","","","","","","","","","","","","","","","","","","","","","","","","","Unassigned","","","","","","2024 Jun 07"
"350842061123890","R92X40KRD1D","SM-X218U","Galaxy Tab A9+ 5G","SM-X218UZAAVZW","All services","","","Knox Manage (Advanced)","Knox Suite - Essentials Plan Monthly VERIZON;Knox Suite Essentials Plan","","","9C:39:28:3A:2F:BA","Reseller","Verizon Wireless","2024 Aug 30","2024 Aug 30","Enrolled (restricted)","On","P003101_2113056_86","2024 Jun 07","14","Drivers","UNLOCKED","2024 Aug 30","2024 Aug 30","","","","","","","","","","","","","","","","","","","","","","","","","","","","","","","","","Unassigned","","","","","","2024 Jun 07"
"359548575723312","R95Y608JNMM","SM-X218U","Galaxy Tab A9+ 5G","SM-X218UZAAXAU","All services","Android 16","2026-06-05","Knox Manage - Trial 25 T-Mobile Tablets","Knox Suite - Essentials Plan Monthly VERIZON;Knox Suite Essentials Plan","","","68:DF:E4:8C:97:50","Reseller","T-Mobile","2025 Sep 23","2026 Aug 06","DO enrollment","On","","2025 Sep 05","16","T-Mobile","UNLOCKED","2025 Sep 23","2026 Aug 06","","","Approved","Not enrolled","[] ","OFF","","","Not started","","","","","","","","","2026 Mar 05","Client not enrolled","","Disabled","","-","-","","-","-","","","2025 Sep 05","","","Unassigned","","","","","","2025 Sep 05"
"350842061125465","R92X40KRHSM","SM-X218U","Galaxy Tab A9+ 5G","SM-X218UZAAVZW","All services","","2024-02-01","Knox Manage (Advanced)","Knox Suite - Essentials Plan Monthly VERIZON;Knox Suite Essentials Plan","","VZW","9C:39:28:3A:30:F4","Reseller","Verizon Wireless","2026 May 04","2026 May 04","Enrolled (restricted)","On","P003101_2113056_10","2024 Jun 07","14","Drivers","UNLOCKED","2026 May 04","2026 May 04","","","","","","","","","","","","","","","","","","","","","","","","","","","","","","","","","Unassigned","","","","","","2024 Jun 07"
"356655901557893","R9ZL304Y0NX","SM-X117U","Galaxy Tab A9","SM-X117UZAAVZW","All services","Android 16","2026-01-01","Knox Manage (Advanced)","Knox Suite - Essentials Plan Monthly VERIZON;Knox Suite Essentials Plan","","VZW","78:60:89:05:7E:50","Reseller","Verizon Wireless","2026 Jul 02","2026 Aug 04","Enrolled (restricted)","On","VZW_1806301_4387028_7","2026 May 30","16","","UNLOCKED","2026 Jul 02","2026 Aug 04","","","","","","","","","","","","","","","","","","","","","","","","","","","","","","","","","Unassigned","","","","","","2026 May 30"
"359548575723569","R95Y608JPDL","SM-X218U","Galaxy Tab A9+ 5G","SM-X218UZAAXAU","All services","Android 16","2026-06-05","Knox Manage - Trial 25 T-Mobile Tablets","Knox Suite - Essentials Plan Monthly VERIZON;Knox Suite Essentials Plan","","","68:DF:E4:8C:97:82","Reseller","T-Mobile","2025 Oct 30","2026 Jun 28","DO enrollment","On","","2025 Sep 05","16","T-Mobile","UNLOCKED","2025 Oct 30","2026 Jun 28","","","Approved","Not enrolled","[] ","OFF","","","Not started","","","","","","","","","2026 Mar 05","Client not enrolled","","Disabled","","-","-","","-","-","","","2025 Sep 05","","","Unassigned","","","","","","2025 Sep 05"
"356655901563610","R9ZL304YJ0X","SM-X117U","Galaxy Tab A9","SM-X117UZAAVZW","All services","Android 16","2026-01-01","Knox Manage (Advanced)","Knox Suite - Essentials Plan Monthly VERIZON;Knox Suite Essentials Plan","","VZW","78:60:89:05:82:C8","Reseller","Verizon Wireless","2026 Jun 09","2026 Jun 09","Enrolled (restricted)","On","VZW_1806301_4387028_13","2026 May 30","16","","UNLOCKED","2026 Jun 09","2026 Jun 09","","","","","","","","","","","","","","","","","","","","","","","","","","","","","","","","","Unassigned","","","","","","2026 May 30"
"356655901561424","R9ZL304YBCH","SM-X117U","Galaxy Tab A9","SM-X117UZAAVZW","All services","Android 16","2026-01-01","Knox Manage (Advanced)","Knox Suite - Essentials Plan Monthly VERIZON;Knox Suite Essentials Plan","","VZW","78:60:89:05:81:12","Reseller","Verizon Wireless","2026 Jun 08","2026 Jun 08","Enrolled (restricted)","On","VZW_1806301_4387028_12","2026 May 30","16","","UNLOCKED","2026 Jun 08","2026 Jun 08","","","","","","","","","","","","","","","","","","","","","","","","","","","","","","","","","Unassigned","","","","","","2026 May 30"
"350842061117744","R92X40KQTDA","SM-X218U","Galaxy Tab A9+ 5G","SM-X218UZAAVZW","All services","","","Knox Manage (Advanced)","Knox Suite - Essentials Plan Monthly VERIZON;Knox Suite Essentials Plan","","","9C:39:28:3A:2A:EC","Reseller","Verizon Wireless","2024 Aug 30","2024 Aug 30","Enrolled (restricted)","On","P003101_2113056_6","2024 Jun 07","14","Drivers","UNLOCKED","2024 Aug 30","2024 Aug 30","","","","","","","","","","","","","","","","","","","","","","","","","","","","","","","","","Unassigned","","","","","","2024 Jun 07"
"356655901563826","R9ZL304YJMP","SM-X117U","Galaxy Tab A9","SM-X117UZAAVZW","All services","Android 16","2026-01-01","Knox Manage (Advanced)","Knox Suite - Essentials Plan Monthly VERIZON;Knox Suite Essentials Plan","","VZW","78:60:89:05:82:F2","Reseller","Verizon Wireless","2026 Jun 16","2026 Jun 16","Enrolled (restricted)","On","VZW_1806301_4387028_17","2026 May 30","16","","UNLOCKED","2026 Jun 16","2026 Jun 16","","","","","","","","","","","","","","","","","","","","","","","","","","","","","","","","","Unassigned","","","","","","2026 May 30"
"350842061122520","R92X40KR8WH","SM-X218U","Galaxy Tab A9+ 5G","SM-X218UZAAVZW","All services","","","Knox Manage (Advanced)","Knox Suite - Essentials Plan Monthly VERIZON;Knox Suite Essentials Plan","","","9C:39:28:3A:2E:A8","Reseller","Verizon Wireless","2024 Jun 27","2024 Jun 27","Enrolled (restricted)","On","P003101_2113056_38","2024 Jun 07","14","Drivers","UNLOCKED","2024 Jun 27","2024 Jun 27","","","","","","","","","","","","","","","","","","","","","","","","","","","","","","","","","Unassigned","","","","","","2024 Jun 07"
"356655901564006","R9ZL304YK6A","SM-X117U","Galaxy Tab A9","SM-X117UZAAVZW","All services","Android 16","2026-01-01","Knox Manage (Advanced)","Knox Suite - Essentials Plan Monthly VERIZON;Knox Suite Essentials Plan","","VZW","78:60:89:05:83:16","Reseller","Verizon Wireless","2026 Jun 05","2026 Jun 05","Enrolled (restricted)","On","VZW_1806301_4387028_6","2026 May 30","16","","UNLOCKED","2026 Jun 05","2026 Jun 05","","","","","","","","","","","","","","","","","","","","","","","","","","","","","","","","","Unassigned","","","","","","2026 May 30"
"350842061124328","R92X40KREBY","SM-X218U","Galaxy Tab A9+ 5G","SM-X218UZAAVZW","All services","","","Knox Manage (Advanced)","Knox Suite - Essentials Plan Monthly VERIZON;Knox Suite Essentials Plan","","","9C:39:28:3A:30:10","Reseller","Verizon Wireless","2025 Nov 03","2025 Nov 03","Enrolled (restricted)","On","P003101_2113036_138","2024 Jun 07","14","Drivers","UNLOCKED","2025 Nov 03","2025 Nov 03","","","","","","","","","","","","","","","","","","","","","","","","","","","","","","","","","Unassigned","","","","","","2024 Jun 07"
"350842061137270","R92X40KYP5M","SM-X218U","Galaxy Tab A9+ 5G","SM-X218UZAAVZW","All services","","","Knox Manage (Advanced)","Knox Suite - Essentials Plan Monthly VERIZON;Knox Suite Essentials Plan","","","9C:39:28:3A:B6:8E","Reseller","Verizon Wireless","2024 Aug 01","2024 Aug 01","Enrolled (restricted)","On","P003101_2113056_58","2024 Jun 07","14","Drivers","UNLOCKED","2024 Aug 01","2024 Aug 01","","","","","","","","","","","","","","","","","","","","","","","","","","","","","","","","","Unassigned","","","","","","2024 Jun 07"
"350842061125770","R92X40KRJQN","SM-X218U","Galaxy Tab A9+ 5G","SM-X218UZAAVZW","All services","","2024-02-01","Knox Manage (Advanced)","Knox Suite - Essentials Plan Monthly VERIZON;Knox Suite Essentials Plan","","VZW","9C:39:28:3A:31:32","Reseller","Verizon Wireless","2026 Mar 25","2026 Mar 25","Enrolled (restricted)","On","P003101_2113036_154","2024 Jun 07","14","Drivers","UNLOCKED","2026 Mar 25","2026 Mar 25","","","","","","","","","","","","","","","","","","","","","","","","","","","","","","","","","Unassigned","","","","","","2024 Jun 07"
"359548575723759","R95Y608JPZL","SM-X218U","Galaxy Tab A9+ 5G","SM-X218UZAAXAU","All services","Android 16","2026-06-05","Knox Manage - Trial 25 T-Mobile Tablets","Knox Suite - Essentials Plan Monthly VERIZON;Knox Suite Essentials Plan","","","68:DF:E4:8C:97:A8","Reseller","T-Mobile","2025 Sep 22","2026 Jul 03","DO enrollment","On","","2025 Sep 05","16","T-Mobile","UNLOCKED","2025 Sep 22","2026 Jul 03","","","Approved","Not enrolled","[] ","OFF","","","Not started","","","","","","","","","2026 Mar 05","Client not enrolled","","Disabled","","-","-","","-","-","","","2025 Sep 05","","","Unassigned","","","","","","2025 Sep 05"
"350842061118593","R92X40KQWZH","SM-X218U","Galaxy Tab A9+ 5G","SM-X218UZAAVZW","All services","","","Knox Manage (Advanced)","Knox Suite - Essentials Plan Monthly VERIZON;Knox Suite Essentials Plan","","","9C:39:28:3A:2B:96","Reseller","Verizon Wireless","2024 Aug 30","2024 Aug 30","Enrolled (restricted)","On","P003101_2113036_22","2024 Jun 07","14","Drivers","UNLOCKED","2024 Aug 30","2024 Aug 30","","","","","","","","","","","","","","","","","","","","","","","","","","","","","","","","","Unassigned","","","","","","2024 Jun 07"
"350842061126620","R92X40KXPWV","SM-X218U","Galaxy Tab A9+ 5G","SM-X218UZAAVZW","All services","","2024-02-01","Knox Manage (Advanced)","Knox Suite - Essentials Plan Monthly VERIZON;Knox Suite Essentials Plan","","VZW","9C:39:28:3A:AE:3C","Reseller","Verizon Wireless","2026 Mar 23","2026 Mar 23","Enrolled (restricted)","On","P003101_2113056_66","2024 Jun 07","14","Drivers","UNLOCKED","2026 Mar 23","2026 Mar 23","","","","","","","","","","","","","","","","","","","","","","","","","","","","","","","","","Unassigned","","","","","","2024 Jun 07"
"350842061136744","R92X40KYMJM","SM-X218U","Galaxy Tab A9+ 5G","SM-X218UZAAVZW","All services","","","Knox Manage (Advanced)","Knox Suite - Essentials Plan Monthly VERIZON;Knox Suite Essentials Plan","","","9C:39:28:3A:B6:24","Reseller","Verizon Wireless","2024 Aug 30","2024 Aug 30","Enrolled (restricted)","On","P003101_2113056_26","2024 Jun 07","14","Drivers","UNLOCKED","2024 Aug 30","2024 Aug 30","","","","","","","","","","","","","","","","","","","","","","","","","","","","","","","","","Unassigned","","","","","","2024 Jun 07"
"350842061122967","R92X40KRA7P","SM-X218U","Galaxy Tab A9+ 5G","SM-X218UZAAVZW","All services","","","Knox Manage (Advanced)","Knox Suite - Essentials Plan Monthly VERIZON;Knox Suite Essentials Plan","","","9C:39:28:3A:2F:00","Reseller","Verizon Wireless","2024 Jun 27","2024 Jun 27","Enrolled (restricted)","On","P003101_2113056_182","2024 Jun 07","14","Drivers","UNLOCKED","2024 Jun 27","2024 Jun 27","","","","","","","","","","","","","","","","","","","","","","","","","","","","","","","","","Unassigned","","","","","","2024 Jun 07"
"350842061122462","R92X40KR8PK","SM-X218U","Galaxy Tab A9+ 5G","SM-X218UZAAVZW","All services","","","Knox Manage (Advanced)","Knox Suite - Essentials Plan Monthly VERIZON;Knox Suite Essentials Plan","","","9C:39:28:3A:2E:9C","Reseller","Verizon Wireless","2024 Aug 30","2024 Aug 30","Enrolled (restricted)","On","P003101_2113056_162","2024 Jun 07","14","Drivers","UNLOCKED","2024 Aug 30","2024 Aug 30","","","","","","","","","","","","","","","","","","","","","","","","","","","","","","","","","Unassigned","","","","","","2024 Jun 07"
"350842061119195","R92X40KQYSE","SM-X218U","Galaxy Tab A9+ 5G","SM-X218UZAAVZW","All services","","","Knox Manage (Advanced)","Knox Suite - Essentials Plan Monthly VERIZON;Knox Suite Essentials Plan","","","9C:39:28:3A:2C:0E","Reseller","Verizon Wireless","2024 Aug 29","2024 Aug 29","Enrolled (restricted)","On","P003101_2113036_34","2024 Jun 07","14","Drivers","UNLOCKED","2024 Aug 29","2024 Aug 29","","","","","","","","","","","","","","","","","","","","","","","","","","","","","","","","","Unassigned","","","","","","2024 Jun 07"
"350842061118163","R92X40KQVNW","SM-X218U","Galaxy Tab A9+ 5G","SM-X218UZAAVZW","All services","","","Knox Manage (Advanced)","Knox Suite - Essentials Plan Monthly VERIZON;Knox Suite Essentials Plan","","","9C:39:28:3A:2B:40","Reseller","Verizon Wireless","2024 Aug 30","2024 Aug 30","Enrolled (restricted)","On","P003101_2113036_114","2024 Jun 07","14","Drivers","UNLOCKED","2024 Aug 30","2024 Aug 30","","","","","","","","","","","","","","","","","","","","","","","","","","","","","","","","","Unassigned","","","","","","2024 Jun 07"
"350842061123304","R92X40KRB8M","SM-X218U","Galaxy Tab A9+ 5G","SM-X218UZAAVZW","All services","","","Knox Manage (Advanced)","Knox Suite - Essentials Plan Monthly VERIZON;Knox Suite Essentials Plan","","","9C:39:28:3A:2F:44","Reseller","Verizon Wireless","2024 Aug 29","2024 Aug 29","Enrolled (restricted)","On","P003101_2113036_50","2024 Jun 07","14","Drivers","UNLOCKED","2024 Aug 29","2024 Aug 29","","","","","","","","","","","","","","","","","","","","","","","","","","","","","","","","","Unassigned","","","","","","2024 Jun 07"
"350842061125549","R92X40KRJ1X","SM-X218U","Galaxy Tab A9+ 5G","SM-X218UZAAVZW","All services","","","Knox Manage (Advanced)","Knox Suite - Essentials Plan Monthly VERIZON;Knox Suite Essentials Plan","","","9C:39:28:3A:31:04","Reseller","Verizon Wireless","2024 Aug 30","2024 Aug 30","Enrolled (restricted)","On","P003101_2113036_182","2024 Jun 07","14","Drivers","UNLOCKED","2024 Aug 30","2024 Aug 30","","","","","","","","","","","","","","","","","","","","","","","","","","","","","","","","","Unassigned","","","","","","2024 Jun 07"
"350842061122413","R92X40KR8JM","SM-X218U","Galaxy Tab A9+ 5G","SM-X218UZAAVZW","All services","","","Knox Manage (Advanced)","Knox Suite - Essentials Plan Monthly VERIZON;Knox Suite Essentials Plan","","","9C:39:28:3A:2E:92","Reseller","Verizon Wireless","2024 Aug 30","2024 Aug 30","Enrolled (restricted)","On","P003101_2113056_110","2024 Jun 07","14","Drivers","UNLOCKED","2024 Aug 30","2024 Aug 30","","","","","","","","","","","","","","","","","","","","","","","","","","","","","","","","","Unassigned","","","","","","2024 Jun 07"
"350842061123320","R92X40KRBAP","SM-X218U","Galaxy Tab A9+ 5G","SM-X218UZAAVZW","All services","","","Knox Manage (Advanced)","Knox Suite - Essentials Plan Monthly VERIZON;Knox Suite Essentials Plan","","","9C:39:28:3A:2F:48","Reseller","Verizon Wireless","2024 Aug 30","2024 Aug 30","Enrolled (restricted)","On","P003101_2113036_94","2024 Jun 07","14","Drivers","UNLOCKED","2024 Aug 30","2024 Aug 30","","","","","","","","","","","","","","","","","","","","","","","","","","","","","","","","","Unassigned","","","","","","2024 Jun 07"
"350842061125705","R92X40KRJHR","SM-X218U","Galaxy Tab A9+ 5G","SM-X218UZAAVZW","All services","","","Knox Manage (Advanced)","Knox Suite - Essentials Plan Monthly VERIZON;Knox Suite Essentials Plan","","","9C:39:28:3A:31:24","Reseller","Verizon Wireless","2024 Aug 30","2024 Aug 30","Enrolled (restricted)","On","P003101_2113036_146","2024 Jun 07","14","Drivers","UNLOCKED","2024 Aug 30","2024 Aug 30","","","","","","","","","","","","","","","","","","","","","","","","","","","","","","","","","Unassigned","","","","","","2024 Jun 07"
"350842061123213","R92X40KRAZV","SM-X218U","Galaxy Tab A9+ 5G","SM-X218UZAAVZW","All services","Android 14","","Knox Manage (Advanced)","Knox Suite - Essentials Plan Monthly VERIZON;Knox Suite Essentials Plan","","","9C:39:28:3A:2F:32","Reseller","Verizon Wireless","2024 Oct 23","2024 Oct 23","Enrolled (restricted)","On","P003101_2113056_198","2024 Jun 07","14","Drivers","UNLOCKED","2024 Oct 23","2024 Oct 23","","","","","","","","","","","","","","","","","","","","","","","","","","","","","","","","","Unassigned","","","","","","2024 Jun 07"
"350842061123288","R92X40KRB6A","SM-X218U","Galaxy Tab A9+ 5G","SM-X218UZAAVZW","All services","","","Knox Manage (Advanced)","Knox Suite - Essentials Plan Monthly VERIZON;Knox Suite Essentials Plan","","","9C:39:28:3A:2F:40","Reseller","Verizon Wireless","2024 Aug 29","2024 Aug 29","Enrolled (restricted)","On","P003101_2113036_66","2024 Jun 07","14","Drivers","UNLOCKED","2024 Aug 29","2024 Aug 29","","","","","","","","","","","","","","","","","","","","","","","","","","","","","","","","","Unassigned","","","","","","2024 Jun 07"
"359548575712257","R95Y608HN4A","SM-X218U","Galaxy Tab A9+ 5G","SM-X218UZAAXAU","All services","Android 15","","Knox Manage - Trial 25 T-Mobile Tablets","KnoxSuiteTrial1758123134707364141924;Knox Suite Enterprise Plan","","","68:DF:E4:8C:8E:AC","Reseller","T-Mobile","2025 Sep 23","2025 Nov 20","DO enrollment","On","","2025 Sep 05","15","T-Mobile","UNLOCKED","2025 Sep 23","2025 Nov 20","","","Approved","Not enrolled","[] ","OFF","","","Not started","","","","","","","","","2026 Mar 05","Client not enrolled","","Disabled","","-","-","","-","-","","","2025 Sep 05","","","Unassigned","","","","","","2025 Sep 05"
"350842061109105","R92X40KQ17Y","SM-X218U","Galaxy Tab A9+ 5G","SM-X218UZAAVZW","All services","","","Knox Manage (Advanced)","Knox Suite - Essentials Plan Monthly VERIZON;Knox Suite Essentials Plan","","","9C:39:28:3A:24:2C","Reseller","Verizon Wireless","2024 Aug 30","2024 Aug 30","Enrolled (restricted)","On","P003101_2113056_134","2024 Jun 07","14","Drivers","UNLOCKED","2024 Aug 30","2024 Aug 30","","","","","","","","","","","","","","","","","","","","","","","","","","","","","","","","","Unassigned","","","","","","2024 Jun 07"
"356655901559402","R9ZL304Y58L","SM-X117U","Galaxy Tab A9","SM-X117UZAAVZW","All services","Android 16","2026-01-01","Knox Manage (Advanced)","Knox Suite - Essentials Plan Monthly VERIZON;Knox Suite Essentials Plan","","VZW","78:60:89:05:7F:7E","Reseller","Verizon Wireless","2026 Jun 05","2026 Jun 05","Enrolled (restricted)","On","VZW_1806301_4387028_14","2026 May 30","16","","UNLOCKED","2026 Jun 05","2026 Jun 05","","","","","","","","","","","","","","","","","","","","","","","","","","","","","","","","","Unassigned","","","","","","2026 May 30"
